time_bucket,bid_px_00_first,bid_px_00_last,ask_px_00_first,ask_px_00_last,OF1_b_sum,OF1_a_sum,OF2_b_sum,OF2_a_sum,OF3_b_sum,OF3_a_sum,OF4_b_sum,OF4_a_sum,OF5_b_sum,OF5_a_sum,OF6_b_sum,OF6_a_sum,OF7_b_sum,OF7_a_sum,mid_price_start,mid_price_end,return,OFI1,OFI2,OFI3,OFI4,OFI5,OFI6,OFI7,event_count,OFI1_normalized,OFI2_normalized,OFI3_normalized,OFI4_normalized,OFI5_normalized,OFI6_normalized,OFI7_normalized,symbol,OFI_integrated
2024-10-21 11:54:15,233.67,233.67,233.74,233.74,144.0,200.0,410.0,1.0,210.0,8.0,28.0,150.0,15.0,29.0,110.0,25.0,10.0,200.0,233.70499999999998,233.70499999999998,0.0,-56.0,409.0,202.0,-122.0,-14.0,85.0,-190.0,6,-9.333333333333334,68.16666666666667,33.666666666666664,-20.333333333333332,-2.3333333333333335,14.166666666666666,-31.666666666666668,AAPL,-0.21080923978288715
2024-10-21 11:54:30,233.67,233.7,233.74,233.74,0.0,401.0,139.0,9.0,400.0,158.0,10.0,179.0,28.0,54.0,15.0,225.0,110.0,600.0,233.70499999999998,233.72,6.418347917258593e-05,-401.0,130.0,242.0,-169.0,-26.0,-210.0,-490.0,10,-40.1,13.0,24.2,-16.9,-2.6,-21.0,-49.0,AAPL,-0.4592687002241501
2024-10-21 11:54:45,233.7,233.67,233.74,233.74,141.0,0.0,800.0,200.0,10.0,0.0,70.0,29.0,140.0,25.0,230.0,400.0,130.0,244.0,233.72,233.70499999999998,-6.417935991787083e-05,141.0,600.0,10.0,41.0,115.0,-170.0,-114.0,11,12.818181818181818,54.54545454545455,0.9090909090909091,3.727272727272727,10.454545454545455,-15.454545454545455,-10.363636363636363,AAPL,-0.2099136576478292
2024-10-21 11:55:00,233.67,233.67,233.74,233.74,0.0,0.0,810.0,0.0,37.0,27.0,42.0,-29.0,125.0,0.0,120.0,0.0,120.0,0.0,233.70499999999998,233.70499999999998,0.0,0.0,810.0,10.0,71.0,125.0,120.0,120.0,5,0.0,162.0,2.0,14.2,25.0,24.0,24.0,AAPL,0.14301451564044207
2024-10-21 11:55:15,233.67,233.67,233.74,233.73,0.0,200.0,400.0,0.0,0.0,0.0,42.0,0.0,125.0,0.0,120.0,0.0,120.0,0.0,233.70499999999998,233.7,-2.1394493057491637e-05,-200.0,400.0,0.0,42.0,125.0,120.0,120.0,4,-50.0,100.0,0.0,10.5,31.25,30.0,30.0,AAPL,0.03781447693211444
2024-10-21 11:55:30,233.67,233.55,233.73,233.74,717.0,601.0,1311.0,209.0,766.0,131.0,447.0,177.0,730.0,79.0,610.0,250.0,800.0,444.0,233.7,233.645,-0.00023534445870765364,116.0,1102.0,635.0,270.0,651.0,360.0,356.0,22,5.2727272727272725,50.09090909090909,28.863636363636363,12.272727272727273,29.59090909090909,16.363636363636363,16.181818181818183,AAPL,0.007771168255082094
2024-10-21 11:55:45,233.55,233.56,233.73,233.75,38.0,701.0,210.0,617.0,1445.0,517.0,375.0,358.0,360.0,279.0,360.0,504.0,630.0,739.0,233.64,233.655,6.420133538775907e-05,-663.0,-407.0,928.0,17.0,81.0,-144.0,-109.0,18,-36.833333333333336,-22.61111111111111,51.55555555555556,0.9444444444444444,4.5,-8.0,-6.055555555555555,AAPL,-0.29437954513481174
2024-10-21 11:56:00,233.56,233.57,233.75,233.75,36.0,-200.0,410.0,0.0,615.0,200.0,125.0,0.0,120.0,0.0,120.0,0.0,210.0,0.0,233.655,233.66,2.1399071280292503e-05,236.0,410.0,415.0,125.0,120.0,120.0,210.0,9,26.22222222222222,45.55555555555556,46.111111111111114,13.88888888888889,13.333333333333334,13.333333333333334,23.333333333333332,AAPL,0.024272967128608963
2024-10-21 11:56:15,233.57,233.58,233.75,233.75,37.0,0.0,210.0,200.0,1230.0,-200.0,250.0,0.0,240.0,458.0,240.0,488.0,420.0,394.0,233.66,233.66500000000002,2.139861336991622e-05,37.0,10.0,1430.0,250.0,-218.0,-248.0,26.0,15,2.466666666666667,0.6666666666666666,95.33333333333333,16.666666666666668,-14.533333333333333,-16.533333333333335,1.7333333333333334,AAPL,-0.18616774290277888
2024-10-21 11:56:30,233.58,233.58,233.75,233.75,0.0,301.0,0.0,409.0,200.0,358.0,0.0,175.0,0.0,55.0,0.0,230.0,0.0,244.0,233.66500000000002,233.66500000000002,0.0,-301.0,-409.0,-158.0,-175.0,-55.0,-230.0,-244.0,6,-50.166666666666664,-68.16666666666667,-26.333333333333332,-29.166666666666668,-9.166666666666666,-38.333333333333336,-40.666666666666664,AAPL,-0.6965651906438659
2024-10-21 11:56:45,233.58,233.58,233.75,233.75,0.0,0.0,0.0,-200.0,200.0,200.0,0.0,225.0,0.0,55.0,0.0,230.0,0.0,244.0,233.66500000000002,233.66500000000002,0.0,0.0,200.0,0.0,-225.0,-55.0,-230.0,-244.0,6,0.0,33.333333333333336,0.0,-37.5,-9.166666666666666,-38.333333333333336,-40.666666666666664,AAPL,-0.48495861752118835
2024-10-21 11:57:00,233.58,233.67,233.72,233.75,1.0,301.0,66.0,209.0,420.0,358.0,815.0,375.0,140.0,55.0,230.0,230.0,130.0,244.0,233.65,233.70999999999998,0.0002567943505242809,-300.0,-143.0,62.0,440.0,85.0,0.0,-114.0,10,-30.0,-14.3,6.2,44.0,8.5,0.0,-11.4,AAPL,-0.2513451001605457
2024-10-21 11:57:15,233.67,233.54,233.75,233.72,420.0,63.0,1511.0,422.0,553.0,417.0,632.0,1133.0,595.0,255.0,490.0,315.0,860.0,674.0,233.70999999999998,233.63,-0.0003423045654871171,357.0,1089.0,136.0,-501.0,340.0,175.0,186.0,37,9.64864864864865,29.43243243243243,3.675675675675676,-13.54054054054054,9.18918918918919,4.72972972972973,5.027027027027027,AAPL,-0.18146898061386715
2024-10-21 11:57:30,233.54,233.65,233.72,233.74,1.0,500.0,610.0,701.0,862.0,209.0,150.0,158.0,390.0,575.0,470.0,80.0,370.0,260.0,233.63,233.695,0.0002782176946454218,-499.0,-91.0,653.0,-8.0,-185.0,390.0,110.0,20,-24.95,-4.55,32.65,-0.4,-9.25,19.5,5.5,AAPL,-0.21187749967743158
2024-10-21 11:57:45,233.65,233.65,233.74,233.74,0.0,0.0,0.0,0.0,200.0,0.0,44.0,0.0,125.0,850.0,120.0,337.0,120.0,930.0,233.695,233.695,0.0,0.0,0.0,200.0,44.0,-725.0,-217.0,-810.0,17,0.0,0.0,11.764705882352942,2.588235294117647,-42.64705882352941,-12.764705882352942,-47.64705882352941,AAPL,-0.4751709921110982
2024-10-21 11:58:00,233.65,233.65,233.74,233.74,0.0,0.0,0.0,0.0,429.0,0.0,44.0,200.0,125.0,25.0,120.0,58.0,120.0,429.0,233.695,233.695,0.0,0.0,0.0,429.0,-156.0,100.0,62.0,-309.0,11,0.0,0.0,39.0,-14.181818181818182,9.090909090909092,5.636363636363637,-28.09090909090909,AAPL,-0.2616155384615628
2024-10-21 11:58:15,233.65,233.65,233.74,233.74,0.0,-65.0,200.0,0.0,210.0,0.0,0.0,-200.0,0.0,225.0,0.0,1308.0,0.0,739.0,233.695,233.695,0.0,65.0,200.0,210.0,200.0,-225.0,-1308.0,-739.0,16,4.0625,12.5,13.125,12.5,-14.0625,-81.75,-46.1875,AAPL,-0.5573014553705704
2024-10-21 11:58:30,233.65,233.65,233.74,233.74,0.0,0.0,200.0,0.0,0.0,0.0,41.0,0.0,125.0,0.0,120.0,227.0,120.0,227.0,233.695,233.695,0.0,0.0,200.0,0.0,41.0,125.0,-107.0,-107.0,6,0.0,33.333333333333336,0.0,6.833333333333333,20.833333333333332,-17.833333333333332,-17.833333333333332,AAPL,-0.2504393054767583
2024-10-21 11:58:45,233.65,233.65,233.74,233.77,380.0,168.0,1820.0,158.0,2043.0,175.0,1886.0,679.0,1528.0,1535.0,1365.0,1569.0,1084.0,1128.0,233.695,233.71,6.4186225636087e-05,212.0,1662.0,1868.0,1207.0,-7.0,-204.0,-44.0,57,3.719298245614035,29.157894736842106,32.771929824561404,21.17543859649123,-0.12280701754385964,-3.5789473684210527,-0.7719298245614035,AAPL,-0.15865116961164877
2024-10-21 11:59:00,233.65,233.65,233.77,233.77,0.0,0.0,1200.0,0.0,487.0,0.0,75.0,1454.0,375.0,454.0,360.0,488.0,360.0,396.0,233.71,233.71,0.0,0.0,1200.0,487.0,-1379.0,-79.0,-128.0,-36.0,23,0.0,52.17391304347826,21.17391304347826,-59.95652173913044,-3.4347826086956523,-5.565217391304348,-1.565217391304348,AAPL,-0.278795419864772
2024-10-21 11:59:15,233.65,233.65,233.77,233.77,0.0,0.0,854.0,0.0,74.0,0.0,50.0,1427.0,250.0,255.0,240.0,471.0,240.0,442.0,233.71,233.71,0.0,0.0,854.0,74.0,-1377.0,-5.0,-231.0,-202.0,17,0.0,50.23529411764706,4.352941176470588,-81.0,-0.29411764705882354,-13.588235294117647,-11.882352941176471,AAPL,-0.3702528903753318
2024-10-21 11:59:30,233.65,233.65,233.77,233.78,226.0,150.0,726.0,25.0,679.0,200.0,502.0,28.0,314.0,200.0,312.0,44.0,390.0,154.0,233.71,233.715,2.1394035342847673e-05,76.0,701.0,479.0,474.0,114.0,268.0,236.0,17,4.470588235294118,41.23529411764706,28.176470588235293,27.88235294117647,6.705882352941177,15.764705882352942,13.882352941176471,AAPL,-0.03881278259987682
2024-10-21 11:59:45,233.65,233.65,233.78,233.78,0.0,0.0,654.0,0.0,74.0,428.0,50.0,681.0,250.0,732.0,240.0,594.0,240.0,1662.0,233.715,233.715,0.0,0.0,654.0,-354.0,-631.0,-482.0,-354.0,-1422.0,12,0.0,54.5,-29.5,-52.583333333333336,-40.166666666666664,-29.5,-118.5,AAPL,-0.7354275153770139
2024-10-21 12:00:00,233.65,233.53,233.78,233.78,10.0,169.0,2733.0,344.0,1274.0,1000.0,1294.0,1304.0,1350.0,1140.0,1410.0,866.0,1715.0,1550.0,233.715,233.655,-0.0002567229317759212,-159.0,2389.0,274.0,-10.0,210.0,544.0,165.0,49,-3.2448979591836733,48.755102040816325,5.591836734693878,-0.20408163265306123,4.285714285714286,11.10204081632653,3.36734693877551,AAPL,-0.14815200387637537
2024-10-21 12:00:15,233.53,233.53,233.78,233.78,0.0,0.0,-200.0,0.0,597.0,400.0,162.0,227.0,230.0,244.0,130.0,198.0,320.0,554.0,233.655,233.655,0.0,0.0,-200.0,197.0,-65.0,-14.0,-68.0,-234.0,13,0.0,-15.384615384615385,15.153846153846153,-5.0,-1.0769230769230769,-5.230769230769231,-18.0,AAPL,-0.3251788100457688
2024-10-21 12:00:30,233.53,233.53,233.78,233.78,0.0,0.0,0.0,400.0,790.0,657.0,533.0,444.0,370.0,242.0,560.0,708.0,675.0,801.0,233.655,233.655,0.0,0.0,-400.0,133.0,89.0,128.0,-148.0,-126.0,16,0.0,-25.0,8.3125,5.5625,8.0,-9.25,-7.875,AAPL,-0.29895149356801065
2024-10-21 12:00:45,233.58,233.58,233.78,233.74,500.0,1.0,10.0,150.0,1097.0,225.0,503.0,30.0,267.0,200.0,240.0,44.0,420.0,154.0,233.68,233.66000000000003,-8.558712769590748e-05,499.0,-140.0,872.0,473.0,67.0,196.0,266.0,16,31.1875,-8.75,54.5,29.5625,4.1875,12.25,16.625,AAPL,-0.044243253970970245
2024-10-21 12:01:00,233.58,233.59,233.74,233.74,1.0,0.0,500.0,200.0,2870.0,25.0,1197.0,684.0,1035.0,704.0,1007.0,686.0,1278.0,950.0,233.66000000000003,233.66500000000002,2.139861336991622e-05,1.0,300.0,2845.0,513.0,331.0,321.0,328.0,35,0.02857142857142857,8.571428571428571,81.28571428571429,14.657142857142857,9.457142857142857,9.17142857142857,9.371428571428572,AAPL,-0.06192844599429456
2024-10-21 12:01:30,233.59,233.59,233.74,233.74,0.0,401.0,0.0,179.0,0.0,409.0,800.0,531.0,83.0,741.0,417.0,840.0,470.0,1350.0,233.66500000000002,233.66500000000002,0.0,-401.0,-179.0,-409.0,269.0,-658.0,-423.0,-880.0,23,-17.434782608695652,-7.782608695652174,-17.782608695652176,11.695652173913043,-28.608695652173914,-18.391304347826086,-38.26086956521739,AAPL,-0.493080764756924
2024-10-21 12:01:45,233.6,233.6,233.74,233.74,602.0,0.0,1011.0,0.0,920.0,0.0,1051.0,0.0,325.0,0.0,582.0,0.0,605.0,0.0,233.67000000000002,233.67000000000002,0.0,602.0,1011.0,920.0,1051.0,325.0,582.0,605.0,10,60.2,101.1,92.0,105.1,32.5,58.2,60.5,AAPL,0.5693531717501159
2024-10-21 12:02:00,233.6,233.6,233.77,233.77,0.0,750.0,0.0,550.0,0.0,131.0,0.0,484.0,0.0,688.0,0.0,440.0,0.0,1262.0,233.685,233.685,0.0,-750.0,-550.0,-131.0,-484.0,-688.0,-440.0,-1262.0,5,-150.0,-110.0,-26.2,-96.8,-137.6,-88.0,-252.4,AAPL,-1.857384765082263
2024-10-21 12:02:15,233.6,233.6,233.78,233.78,0.0,150.0,0.0,425.0,0.0,53.0,400.0,257.0,0.0,473.0,110.0,442.0,10.0,752.0,233.69,233.69,0.0,-150.0,-425.0,-53.0,143.0,-473.0,-332.0,-742.0,7,-21.428571428571427,-60.714285714285715,-7.571428571428571,20.428571428571427,-67.57142857142857,-47.42857142857143,-106.0,AAPL,-0.8554481558296056
2024-10-21 12:02:30,233.6,233.6,233.78,233.78,0.0,0.0,0.0,0.0,0.0,0.0,0.0,0.0,0.0,0.0,29.0,0.0,110.0,0.0,233.69,233.69,0.0,0.0,0.0,0.0,0.0,0.0,29.0,110.0,3,0.0,0.0,0.0,0.0,0.0,9.666666666666666,36.666666666666664,AAPL,-0.15067662476984434
2024-10-21 12:02:45,233.58,233.58,233.78,233.77,500.0,600.0,10.0,-25.0,1845.0,80.0,147.0,484.0,446.0,714.0,470.0,640.0,370.0,1306.0,233.68,233.675,-2.1396781924032382e-05,-100.0,35.0,1765.0,-337.0,-268.0,-170.0,-936.0,18,-5.555555555555555,1.9444444444444444,98.05555555555556,-18.72222222222222,-14.88888888888889,-9.444444444444445,-52.0,AAPL,-0.3458407708793537
2024-10-21 12:03:00,233.58,233.58,233.77,233.77,0.0,0.0,0.0,0.0,400.0,0.0,0.0,0.0,0.0,0.0,0.0,0.0,0.0,0.0,233.675,233.675,0.0,0.0,0.0,400.0,0.0,0.0,0.0,0.0,1,0.0,0.0,400.0,0.0,0.0,0.0,0.0,AAPL,0.23084390539039681
2024-10-21 12:03:15,233.58,233.58,233.77,233.77,0.0,0.0,0.0,0.0,415.0,0.0,44.0,0.0,139.0,0.0,120.0,0.0,120.0,0.0,233.675,233.675,0.0,0.0,0.0,415.0,44.0,139.0,120.0,120.0,2,0.0,0.0,207.5,22.0,69.5,60.0,60.0,AAPL,0.4713761092922246
2024-10-21 12:03:30,233.58,233.66,233.76,233.76,1.0,200.0,500.0,0.0,10.0,0.0,400.0,454.0,153.0,488.0,203.0,396.0,230.0,1108.0,233.67000000000002,233.70999999999998,0.00017118158086182333,-199.0,500.0,10.0,-54.0,-335.0,-193.0,-878.0,10,-19.9,50.0,1.0,-5.4,-33.5,-19.3,-87.8,AAPL,-0.5489518390268269
2024-10-21 12:03:45,233.66,233.66,233.76,233.77,0.0,550.0,0.0,175.0,200.0,279.0,410.0,698.0,73.0,686.0,390.0,950.0,360.0,1509.0,233.70999999999998,233.715,2.1394035343069717e-05,-550.0,-175.0,-79.0,-288.0,-613.0,-560.0,-1149.0,15,-36.666666666666664,-11.666666666666666,-5.266666666666667,-19.2,-40.86666666666667,-37.333333333333336,-76.6,AAPL,-0.7143690641569216
2024-10-21 12:04:00,233.66,233.66,233.77,233.78,0.0,150.0,218.0,25.0,737.0,227.0,516.0,227.0,165.0,244.0,355.0,198.0,250.0,554.0,233.715,233.72,2.13935776480767e-05,-150.0,193.0,510.0,289.0,-79.0,157.0,-304.0,12,-12.5,16.083333333333332,42.5,24.083333333333332,-6.583333333333333,13.083333333333334,-25.333333333333332,AAPL,-0.20435157557673733
2024-10-21 12:04:15,233.66,233.66,233.78,233.78,0.0,0.0,0.0,0.0,1100.0,400.0,1766.0,230.0,178.0,244.0,344.0,198.0,745.0,554.0,233.72,233.72,0.0,0.0,0.0,700.0,1536.0,-66.0,146.0,191.0,22,0.0,0.0,31.818181818181817,69.81818181818181,-3.0,6.636363636363637,8.681818181818182,AAPL,-0.089268885333926
2024-10-21 12:04:30,233.66,233.66,233.78,233.78,0.0,0.0,0.0,0.0,0.0,0.0,0.0,0.0,0.0,0.0,0.0,0.0,0.0,0.0,233.72,233.72,0.0,0.0,0.0,0.0,0.0,0.0,0.0,0.0,1,0.0,0.0,0.0,0.0,0.0,0.0,0.0,AAPL,-0.25970622505669183
2024-10-21 12:04:45,233.66,233.66,233.72,233.72,0.0,3.0,0.0,150.0,5.0,25.0,0.0,1230.0,27.0,260.0,15.0,444.0,110.0,242.0,233.69,233.69,0.0,-3.0,-150.0,-20.0,-1230.0,-233.0,-429.0,-132.0,8,-0.375,-18.75,-2.5,-153.75,-29.125,-53.625,-16.5,AAPL,-0.7511453938408358
2024-10-21 12:05:00,233.66,233.66,233.72,233.72,0.0,0.0,0.0,200.0,0.0,150.0,0.0,-175.0,0.0,0.0,0.0,0.0,0.0,0.0,233.69,233.69,0.0,0.0,-200.0,-150.0,175.0,0.0,0.0,0.0,3,0.0,-66.66666666666667,-50.0,58.333333333333336,0.0,0.0,0.0,AAPL,-0.3226290198307334
2024-10-21 12:05:15,233.66,233.66,233.72,233.78,114.0,150.0,33.0,175.0,542.0,425.0,1228.0,460.0,942.0,430.0,289.0,288.0,177.0,352.0,233.69,233.72,0.00012837519791175644,-36.0,-142.0,117.0,768.0,512.0,1.0,-175.0,11,-3.272727272727273,-12.909090909090908,10.636363636363637,69.81818181818181,46.54545454545455,0.09090909090909091,-15.909090909090908,AAPL,-0.10290150184949626
2024-10-21 12:05:30,233.7,233.78,233.78,233.88,1920.0,861.0,2785.0,1102.0,4518.0,759.0,5146.0,1192.0,5633.0,2217.0,6183.0,1654.0,3799.0,804.0,233.74,233.82999999999998,0.0003850432104046675,1059.0,1683.0,3759.0,3954.0,3416.0,4529.0,2995.0,61,17.360655737704917,27.59016393442623,61.622950819672134,64.81967213114754,56.0,74.24590163934427,49.09836065573771,AAPL,0.3948421064182154
2024-10-21 12:05:45,233.78,233.7,233.88,233.88,1300.0,1466.0,1501.0,1624.0,1601.0,1508.0,1889.0,1160.0,1564.0,1681.0,1161.0,1825.0,944.0,1809.0,233.82999999999998,233.79,-0.00017106444853098868,-166.0,-123.0,93.0,729.0,-117.0,-664.0,-865.0,38,-4.368421052631579,-3.236842105263158,2.4473684210526314,19.18421052631579,-3.0789473684210527,-17.473684210526315,-22.763157894736842,AAPL,-0.34339457035959325
2024-10-21 12:06:00,233.7,233.7,233.8,233.8,1300.0,5.0,1201.0,1029.0,1136.0,458.0,1280.0,517.0,570.0,440.0,150.0,1262.0,245.0,1202.0,233.75,233.75,0.0,1295.0,172.0,678.0,763.0,130.0,-1112.0,-957.0,22,58.86363636363637,7.818181818181818,30.818181818181817,34.68181818181818,5.909090909090909,-50.54545454545455,-43.5,AAPL,-0.3110159534103159
2024-10-21 12:06:15,233.7,233.7,233.8,233.91,1300.0,600.0,1201.0,472.0,1106.0,442.0,1209.0,752.0,642.0,955.0,99.0,452.0,290.0,701.0,233.75,233.805,0.00023529411764711128,700.0,729.0,664.0,457.0,-313.0,-353.0,-411.0,18,38.888888888888886,40.5,36.888888888888886,25.38888888888889,-17.38888888888889,-19.61111111111111,-22.833333333333332,AAPL,-0.21996686321681816
2024-10-21 12:06:30,233.7,233.7,233.91,233.92,0.0,428.0,0.0,272.0,0.0,198.0,0.0,554.0,37.0,401.0,25.0,51.0,125.0,650.0,233.805,233.81,2.138534248619095e-05,-428.0,-272.0,-198.0,-554.0,-364.0,-26.0,-525.0,4,-107.0,-68.0,-49.5,-138.5,-91.0,-6.5,-131.25,AAPL,-1.247697042608205
2024-10-21 12:06:45,233.7,233.7,233.92,233.94,2800.0,1076.0,3702.0,744.0,4199.0,624.0,4165.0,1152.0,2413.0,956.0,1006.0,502.0,870.0,1301.0,233.81,233.82,4.276977032624529e-05,1724.0,2958.0,3575.0,3013.0,1457.0,504.0,-431.0,38,45.36842105263158,77.84210526315789,94.07894736842105,79.28947368421052,38.3421052631579,13.263157894736842,-11.342105263157896,AAPL,0.21656783907040766
2024-10-21 12:07:00,233.7,233.7,233.93,233.93,0.0,200.0,0.0,228.0,0.0,44.0,0.0,154.0,0.0,400.0,0.0,1.0,0.0,50.0,233.815,233.815,0.0,-200.0,-228.0,-44.0,-154.0,-400.0,-1.0,-50.0,3,-66.66666666666667,-76.0,-14.666666666666666,-51.333333333333336,-133.33333333333334,-0.3333333333333333,-16.666666666666668,AAPL,-0.8547193228003906
2024-10-21 12:07:15,233.7,233.71,233.94,233.94,200.0,400.0,1200.0,340.0,1.0,466.0,560.0,1306.0,1020.0,1356.0,35.0,503.0,140.0,1351.0,233.82,233.825,2.1383970575605815e-05,-200.0,860.0,-465.0,-746.0,-336.0,-468.0,-1211.0,10,-20.0,86.0,-46.5,-74.6,-33.6,-46.8,-121.1,AAPL,-0.8097675409402313
2024-10-21 12:07:30,233.71,233.71,233.93,233.93,1600.0,200.0,1402.0,200.0,54.0,99.0,1062.0,242.0,1030.0,708.0,50.0,801.0,250.0,52.0,233.82,233.82,0.0,1400.0,1202.0,-45.0,820.0,322.0,-751.0,198.0,7,200.0,171.71428571428572,-6.428571428571429,117.14285714285714,46.0,-107.28571428571429,28.285714285714285,AAPL,0.24203564137986505
2024-10-21 12:07:45,233.71,233.8,233.93,233.94,2000.0,150.0,9302.0,73.0,12577.0,198.0,6645.0,1566.0,4680.0,2241.0,3222.0,1655.0,1755.0,854.0,233.82,233.87,0.00021383970575672429,1850.0,9229.0,12379.0,5079.0,2439.0,1567.0,901.0,56,33.035714285714285,164.80357142857142,221.05357142857142,90.69642857142857,43.55357142857143,27.982142857142858,16.089285714285715,AAPL,0.597927149839955
2024-10-21 12:08:00,233.81,233.81,233.94,233.94,200.0,-56.0,29.0,0.0,1229.0,0.0,1201.0,0.0,506.0,0.0,515.0,0.0,25.0,0.0,233.875,233.875,0.0,256.0,29.0,1229.0,1201.0,506.0,515.0,25.0,6,42.666666666666664,4.833333333333333,204.83333333333334,200.16666666666666,84.33333333333333,85.83333333333333,4.166666666666667,AAPL,0.7563114025556145
2024-10-21 12:08:15,233.76,233.77,233.94,233.94,429.0,0.0,2830.0,0.0,2402.0,0.0,1012.0,0.0,1030.0,0.0,50.0,0.0,250.0,0.0,233.85,233.85500000000002,2.1381227282457616e-05,429.0,2830.0,2402.0,1012.0,1030.0,50.0,250.0,6,71.5,471.6666666666667,400.3333333333333,168.66666666666666,171.66666666666666,8.333333333333334,41.666666666666664,AAPL,1.6508906738260647
2024-10-21 12:08:30,233.77,233.77,233.94,234.0,2113.0,379.0,6443.0,692.0,11036.0,1056.0,9062.0,2270.0,9262.0,2422.0,7699.0,3112.0,3864.0,1661.0,233.85500000000002,233.885,0.00012828462081193592,1734.0,5751.0,9980.0,6792.0,6840.0,4587.0,2203.0,64,27.09375,89.859375,155.9375,106.125,106.875,71.671875,34.421875,AAPL,0.7305184973742002
2024-10-21 12:08:45,233.77,233.77,234.0,234.0,201.0,0.0,230.0,0.0,1230.0,0.0,1201.0,0.0,506.0,0.0,515.0,0.0,25.0,100.0,233.885,233.885,0.0,201.0,230.0,1230.0,1201.0,506.0,515.0,-75.0,3,67.0,76.66666666666667,410.0,400.3333333333333,168.66666666666666,171.66666666666666,-25.0,AAPL,1.7606567156581359
2024-10-21 12:09:00,233.76,233.9,234.0,234.0,670.0,0.0,4460.0,1229.0,4890.0,1257.0,3919.0,859.0,2052.0,154.0,1095.0,2000.0,410.0,2715.0,233.88,233.95,0.00029929878570200685,670.0,3231.0,3633.0,3060.0,1898.0,-905.0,-2305.0,25,26.8,129.24,145.32,122.4,75.92,-36.2,-92.2,AAPL,0.14996140798899424
2024-10-21 12:09:15,233.9,233.9,234.0,234.0,0.0,0.0,1079.0,200.0,4480.0,0.0,4831.0,0.0,2719.0,0.0,2051.0,0.0,590.0,0.0,233.95,233.95,0.0,0.0,879.0,4480.0,4831.0,2719.0,2051.0,590.0,14,0.0,62.785714285714285,320.0,345.07142857142856,194.21428571428572,146.5,42.142857142857146,AAPL,1.611694208280755
2024-10-21 12:09:30,233.9,233.97,234.0,234.0,3.0,0.0,221.0,630.0,211.0,461.0,226.0,52.0,1226.0,700.0,1201.0,1305.0,506.0,273.0,233.95,233.985,0.0001496046163711462,3.0,-409.0,-250.0,174.0,526.0,-104.0,233.0,10,0.3,-40.9,-25.0,17.4,52.6,-10.4,23.3,AAPL,-0.17946428771701417
2024-10-21 12:09:45,233.97,233.95,234.0,234.0,10.0,0.0,11.0,1030.0,400.0,428.0,56.0,451.0,2426.0,651.0,1202.0,755.0,1011.0,768.0,233.985,233.975,-4.2737782336543795e-05,10.0,-1019.0,-28.0,-395.0,1775.0,447.0,243.0,16,0.625,-63.6875,-1.75,-24.6875,110.9375,27.9375,15.1875,AAPL,-0.031716052635606305
2024-10-21 12:10:00,233.95,233.95,234.0,234.0,0.0,0.0,0.0,1627.0,1689.0,1284.0,4944.0,936.0,6030.0,1204.0,3225.0,2706.0,2566.0,2933.0,233.975,233.975,0.0,0.0,-1627.0,405.0,4008.0,4826.0,519.0,-367.0,30,0.0,-54.233333333333334,13.5,133.6,160.86666666666667,17.3,-12.233333333333333,AAPL,0.2425006999702043
2024-10-21 12:10:15,233.95,233.96,234.0,234.0,20.0,0.0,21.0,0.0,411.0,0.0,1029.0,0.0,1229.0,0.0,1201.0,0.0,506.0,0.0,233.975,233.98000000000002,2.136980446643122e-05,20.0,21.0,411.0,1029.0,1229.0,1201.0,506.0,8,2.5,2.625,51.375,128.625,153.625,150.125,63.25,AAPL,0.8672931174460188
2024-10-21 12:10:30,233.96,233.96,234.0,234.0,0.0,0.0,0.0,1200.0,228.0,428.0,2456.0,58.0,2402.0,180.0,1012.0,1900.0,1030.0,1515.0,233.98000000000002,233.98000000000002,0.0,0.0,-1200.0,-200.0,2398.0,2222.0,-888.0,-485.0,13,0.0,-92.3076923076923,-15.384615384615385,184.46153846153845,170.92307692307693,-68.3076923076923,-37.30769230769231,AAPL,-0.031867277623456224
2024-10-21 12:10:45,233.96,233.9,234.0,234.0,11.0,0.0,1683.0,200.0,6940.0,27.0,7205.0,-28.0,2531.0,600.0,3080.0,105.0,560.0,63.0,233.98000000000002,233.95,-0.000128216086845101,11.0,1483.0,6913.0,7233.0,1931.0,2975.0,497.0,19,0.5789473684210527,78.05263157894737,363.8421052631579,380.6842105263158,101.63157894736842,156.57894736842104,26.157894736842106,AAPL,1.529096639343845
2024-10-21 12:11:00,233.9,233.9,234.0,234.0,0.0,0.0,1452.0,0.0,4480.0,0.0,4830.0,0.0,2719.0,0.0,2051.0,0.0,845.0,0.0,233.95,233.95,0.0,0.0,1452.0,4480.0,4830.0,2719.0,2051.0,845.0,12,0.0,121.0,373.3333333333333,402.5,226.58333333333334,170.91666666666666,70.41666666666667,AAPL,2.0330162773773326
2024-10-21 12:11:15,233.9,233.9,234.0,234.0,0.0,0.0,1731.0,1027.0,10138.0,428.0,8407.0,601.0,3542.0,1335.0,3605.0,873.0,770.0,232.0,233.95,233.95,0.0,0.0,704.0,9710.0,7806.0,2207.0,2732.0,538.0,24,0.0,29.333333333333332,404.5833333333333,325.25,91.95833333333333,113.83333333333333,22.416666666666668,AAPL,1.2930785182874776
2024-10-21 12:11:30,233.9,233.9,234.0,234.0,-1.0,0.0,1458.0,0.0,2458.0,0.0,2402.0,0.0,1012.0,0.0,1030.0,0.0,220.0,0.0,233.95,233.95,0.0,-1.0,1458.0,2458.0,2402.0,1012.0,1030.0,220.0,8,-0.125,182.25,307.25,300.25,126.5,128.75,27.5,AAPL,1.4590659302537117
2024-10-21 12:11:45,233.9,233.9,234.0,234.0,0.0,0.0,1885.0,0.0,4913.0,0.0,4804.0,0.0,2024.0,0.0,2060.0,0.0,440.0,0.0,233.95,233.95,0.0,0.0,1885.0,4913.0,4804.0,2024.0,2060.0,440.0,12,0.0,157.08333333333334,409.4166666666667,400.3333333333333,168.66666666666666,171.66666666666666,36.666666666666664,AAPL,1.92165042309537
2024-10-21 12:12:00,233.9,233.9,233.97,234.0,0.0,174.0,656.0,354.0,2456.0,627.0,2402.0,428.0,1012.0,601.0,1030.0,705.0,220.0,168.0,233.935,233.95,6.41203753177777e-05,-174.0,302.0,1829.0,1974.0,411.0,325.0,52.0,8,-21.75,37.75,228.625,246.75,51.375,40.625,6.5,AAPL,0.6306666569099726
2024-10-21 12:12:15,233.9,233.9,234.0,234.0,0.0,0.0,1256.0,0.0,2456.0,0.0,2402.0,0.0,1012.0,0.0,1030.0,0.0,220.0,0.0,233.95,233.95,0.0,0.0,1256.0,2456.0,2402.0,1012.0,1030.0,220.0,6,0.0,209.33333333333334,409.3333333333333,400.3333333333333,168.66666666666666,171.66666666666666,36.666666666666664,AAPL,1.9885878819699838
2024-10-21 12:12:30,233.9,233.9,234.0,234.0,0.0,0.0,1060.0,827.0,4459.0,428.0,3603.0,601.0,1518.0,705.0,1545.0,168.0,330.0,64.0,233.95,233.95,0.0,0.0,233.0,4031.0,3002.0,813.0,1377.0,266.0,12,0.0,19.416666666666668,335.9166666666667,250.16666666666666,67.75,114.75,22.166666666666668,AAPL,1.038101729983761
2024-10-21 12:12:45,233.9,233.78,234.0,234.0,6864.0,524.0,19402.0,2508.0,20015.0,2900.0,11086.0,2715.0,9057.0,3165.0,2925.0,3181.0,2305.0,2411.0,233.95,233.89,-0.0002564650566360127,6340.0,16894.0,17115.0,8371.0,5892.0,-256.0,-106.0,71,89.29577464788733,237.94366197183098,241.05633802816902,117.90140845070422,82.98591549295774,-3.6056338028169015,-1.4929577464788732,AAPL,0.7844205078700678
2024-10-21 12:13:00,233.78,233.78,234.0,234.0,0.0,0.0,0.0,830.0,0.0,431.0,0.0,601.0,0.0,705.0,0.0,168.0,0.0,64.0,233.89,233.89,0.0,0.0,-830.0,-431.0,-601.0,-705.0,-168.0,-64.0,3,0.0,-276.6666666666667,-143.66666666666666,-200.33333333333334,-235.0,-56.0,-21.333333333333332,AAPL,-1.7802671690141114
2024-10-21 12:13:15,233.78,233.79,234.0,234.0,200.0,0.0,2453.0,1030.0,2402.0,401.0,1012.0,631.0,1030.0,706.0,220.0,768.0,230.0,169.0,233.89,233.89499999999998,2.137757065279189e-05,200.0,1423.0,2001.0,381.0,324.0,-548.0,61.0,11,18.181818181818183,129.36363636363637,181.9090909090909,34.63636363636363,29.454545454545453,-49.81818181818182,5.545454545454546,AAPL,0.14445425639065423
2024-10-21 12:13:30,233.79,233.77,234.0,234.0,5500.0,0.0,6232.0,1600.0,4825.0,1287.0,3072.0,1034.0,1470.0,2507.0,680.0,1683.0,730.0,463.0,233.89499999999998,233.885,-4.2754227324137695e-05,5500.0,4632.0,3538.0,2038.0,-1037.0,-1003.0,267.0,30,183.33333333333334,154.4,117.93333333333334,67.93333333333334,-34.56666666666667,-33.43333333333333,8.9,AAPL,0.26111239089562155
2024-10-21 12:13:45,233.77,233.76,234.0,234.13,1109.0,1673.0,6411.0,2029.0,5719.0,1110.0,6511.0,3787.0,6150.0,2989.0,5616.0,1336.0,4408.0,2362.0,233.885,233.945,0.0002565363319579905,-564.0,4382.0,4609.0,2724.0,3161.0,4280.0,2046.0,73,-7.726027397260274,60.02739726027397,63.136986301369866,37.31506849315068,43.3013698630137,58.63013698630137,28.027397260273972,AAPL,0.2515544312532495
2024-10-21 12:14:00,233.76,233.97,234.13,234.13,-22.0,0.0,1800.0,0.0,2401.0,-1.0,507.0,1.0,1020.0,600.0,120.0,105.0,215.0,63.0,233.945,234.05,0.0004488234414072867,-22.0,1800.0,2402.0,506.0,420.0,15.0,152.0,7,-3.142857142857143,257.14285714285717,343.14285714285717,72.28571428571429,60.0,2.142857142857143,21.714285714285715,AAPL,0.774845420241902
2024-10-21 12:14:15,233.97,233.97,234.13,234.13,0.0,0.0,2400.0,455.0,1230.0,857.0,1706.0,1906.0,516.0,978.0,615.0,295.0,125.0,2066.0,234.05,234.05,0.0,0.0,1945.0,373.0,-200.0,-462.0,320.0,-1941.0,14,0.0,138.92857142857142,26.642857142857142,-14.285714285714286,-33.0,22.857142857142858,-138.64285714285714,AAPL,-0.39418681195874855
2024-10-21 12:14:30,233.97,233.97,234.13,234.13,0.0,0.0,657.0,200.0,2657.0,1.0,2402.0,28.0,1012.0,600.0,1030.0,105.0,220.0,63.0,234.05,234.05,0.0,0.0,457.0,2656.0,2374.0,412.0,925.0,157.0,7,0.0,65.28571428571429,379.42857142857144,339.14285714285717,58.857142857142854,132.14285714285714,22.428571428571427,AAPL,1.3061714045094985
2024-10-21 12:14:45,233.97,233.97,234.13,234.13,0.0,0.0,428.0,400.0,1228.0,29.0,1201.0,600.0,506.0,105.0,515.0,63.0,110.0,1.0,234.05,234.05,0.0,0.0,28.0,1199.0,601.0,401.0,452.0,109.0,9,0.0,3.111111111111111,133.22222222222223,66.77777777777777,44.55555555555556,50.22222222222222,12.11111111111111,AAPL,0.2604261105754808
2024-10-21 12:15:00,233.97,233.97,234.13,234.13,0.0,2875.0,2256.0,4111.0,3857.0,3369.0,3509.0,4730.0,2232.0,5063.0,1655.0,2378.0,445.0,4658.0,234.05,234.05,0.0,-2875.0,-1855.0,488.0,-1221.0,-2831.0,-723.0,-4213.0,48,-59.895833333333336,-38.645833333333336,10.166666666666666,-25.4375,-58.979166666666664,-15.0625,-87.77083333333333,AAPL,-0.7722274992113972
2024-10-21 12:15:15,233.97,233.76,234.13,234.1,438.0,746.0,1351.0,2514.0,6771.0,2492.0,8862.0,3351.0,6132.0,3808.0,3588.0,2545.0,2085.0,1233.0,234.05,233.93,-0.0005127109591968049,-308.0,-1163.0,4279.0,5511.0,2324.0,1043.0,852.0,39,-7.897435897435898,-29.82051282051282,109.71794871794872,141.30769230769232,59.58974358974359,26.743589743589745,21.846153846153847,AAPL,0.27881346262991835
2024-10-21 12:15:30,233.76,233.74,234.1,234.12,2828.0,1822.0,3657.0,2263.0,595.0,1690.0,2062.0,3348.0,1150.0,3677.0,435.0,1442.0,370.0,4425.0,233.93,233.93,0.0,1006.0,1394.0,-1095.0,-1286.0,-2527.0,-1007.0,-4055.0,26,38.69230769230769,53.61538461538461,-42.11538461538461,-49.46153846153846,-97.1923076923077,-38.73076923076923,-155.96153846153845,AAPL,-0.93232361842968
2024-10-21 12:15:45,233.7,233.77,234.12,234.12,1600.0,0.0,1260.0,0.0,1706.0,0.0,516.0,30.0,615.0,628.0,125.0,705.0,225.0,168.0,233.91,233.945,0.00014963019964953084,1600.0,1260.0,1706.0,486.0,-13.0,-580.0,57.0,9,177.77777777777777,140.0,189.55555555555554,54.0,-1.4444444444444444,-64.44444444444444,6.333333333333333,AAPL,0.28627066597197764
2024-10-21 12:16:00,233.77,233.75,234.11,234.09,2258.0,2400.0,4888.0,858.0,2464.0,89.0,2024.0,1803.0,2060.0,2115.0,440.0,504.0,460.0,192.0,233.94,233.92000000000002,-8.549200649732303e-05,-142.0,4030.0,2375.0,221.0,-55.0,-64.0,268.0,24,-5.916666666666667,167.91666666666666,98.95833333333333,9.208333333333334,-2.2916666666666665,-2.6666666666666665,11.166666666666666,AAPL,0.09650626979818885
2024-10-21 12:16:15,233.7,233.74,234.09,234.08,1600.0,200.0,1230.0,0.0,31.0,0.0,506.0,0.0,515.0,0.0,110.0,0.0,115.0,0.0,233.89499999999998,233.91000000000003,6.413134098659512e-05,1400.0,1230.0,31.0,506.0,515.0,110.0,115.0,6,233.33333333333334,205.0,5.166666666666667,84.33333333333333,85.83333333333333,18.333333333333332,19.166666666666668,AAPL,0.6913449454098307
2024-10-21 12:16:30,233.74,233.74,234.08,233.9,1400.0,18.0,1427.0,300.0,85.0,531.0,1518.0,1058.0,1545.0,1137.0,330.0,970.0,345.0,1569.0,233.91000000000003,233.82,-0.0003847633705272857,1382.0,1127.0,-446.0,460.0,408.0,-640.0,-1224.0,14,98.71428571428571,80.5,-31.857142857142858,32.857142857142854,29.142857142857142,-45.714285714285715,-87.42857142857143,AAPL,-0.2858829635664908
2024-10-21 12:16:45,233.74,233.85,233.9,234.09,1541.0,929.0,1627.0,987.0,229.0,1887.0,1012.0,2134.0,1030.0,806.0,220.0,3001.0,230.0,4120.0,233.82,233.97,0.0006415191172697288,612.0,640.0,-1658.0,-1122.0,224.0,-2781.0,-3890.0,31,19.741935483870968,20.64516129032258,-53.483870967741936,-36.193548387096776,7.225806451612903,-89.70967741935483,-125.48387096774194,AAPL,-0.8352234311322907
2024-10-21 12:17:00,233.85,233.85,234.09,234.08,0.0,200.0,1081.0,0.0,3881.0,0.0,3630.0,27.0,1519.0,101.0,2050.0,700.0,340.0,705.0,233.97,233.965,-2.1370261144570968e-05,-200.0,1081.0,3881.0,3603.0,1418.0,1350.0,-365.0,16,-12.5,67.5625,242.5625,225.1875,88.625,84.375,-22.8125,AAPL,0.7959326663179616
2024-10-21 12:17:15,233.85,233.9,234.08,234.0,10.0,450.0,341.0,1628.0,827.0,1479.0,1254.0,981.0,2401.0,730.0,507.0,2202.0,1020.0,2915.0,233.965,233.95,-6.411215352730704e-05,-440.0,-1287.0,-652.0,273.0,1671.0,-1695.0,-1895.0,24,-18.333333333333332,-53.625,-27.166666666666668,11.375,69.625,-70.625,-78.95833333333333,AAPL,-0.5859286158897328
2024-10-21 12:17:30,233.9,233.9,234.0,234.0,0.0,0.0,0.0,1056.0,627.0,512.0,1227.0,1900.0,1201.0,1262.0,506.0,534.0,515.0,3501.0,233.95,233.95,0.0,0.0,-1056.0,115.0,-673.0,-61.0,-28.0,-2986.0,21,0.0,-50.285714285714285,5.476190476190476,-32.04761904761905,-2.9047619047619047,-1.3333333333333333,-142.1904761904762,AAPL,-0.69642551996472
2024-10-21 12:17:45,233.9,233.7,234.0,234.0,1995.0,682.0,3482.0,2120.0,2887.0,2266.0,3225.0,3604.0,2566.0,3185.0,955.0,2436.0,570.0,4557.0,233.95,233.85,-0.0004274417610600212,1313.0,1362.0,621.0,-379.0,-619.0,-1481.0,-3987.0,43,30.53488372093023,31.674418604651162,14.44186046511628,-8.813953488372093,-14.395348837209303,-34.44186046511628,-92.72093023255815,AAPL,-0.5100331399130069
2024-10-21 12:18:00,233.7,233.7,234.0,234.0,0.0,0.0,226.0,2316.0,27.0,2145.0,506.0,1604.0,515.0,404.0,110.0,2800.0,115.0,2820.0,233.85,233.85,0.0,0.0,-2090.0,-2118.0,-1098.0,111.0,-2690.0,-2705.0,19,0.0,-110.0,-111.47368421052632,-57.78947368421053,5.842105263157895,-141.57894736842104,-142.3684210526316,AAPL,-1.3084573911212558
2024-10-21 12:18:15,233.7,233.7,234.0,233.99,0.0,200.0,0.0,-150.0,0.0,-2.0,0.0,100.0,0.0,400.0,0.0,1.0,0.0,100.0,233.85,233.845,-2.1381227282457616e-05,-200.0,150.0,2.0,-100.0,-400.0,-1.0,-100.0,4,-50.0,37.5,0.5,-25.0,-100.0,-0.25,-25.0,AAPL,-0.5795871212903415
2024-10-21 12:18:30,233.7,233.7,233.98,233.98,1400.0,850.0,1688.0,77.0,2735.0,127.0,3071.0,500.0,965.0,401.0,670.0,101.0,630.0,700.0,233.83999999999997,233.83999999999997,0.0,550.0,1611.0,2608.0,2571.0,564.0,569.0,-70.0,18,30.555555555555557,89.5,144.88888888888889,142.83333333333334,31.333333333333332,31.61111111111111,-3.888888888888889,AAPL,0.4179836973728963
2024-10-21 12:18:45,233.7,233.7,233.97,233.97,1600.0,450.0,1630.0,277.0,460.0,385.0,2331.0,1500.0,2565.0,1203.0,450.0,303.0,560.0,2100.0,233.83499999999998,233.83499999999998,0.0,1150.0,1353.0,75.0,831.0,1362.0,147.0,-1540.0,28,41.07142857142857,48.32142857142857,2.6785714285714284,29.678571428571427,48.642857142857146,5.25,-55.0,AAPL,-0.10844977085713872
2024-10-21 12:19:00,233.7,233.7,233.97,233.96,2800.0,450.0,3485.0,77.0,1854.0,154.0,2582.0,630.0,855.0,901.0,555.0,502.0,505.0,801.0,233.83499999999998,233.82999999999998,-2.138259884099103e-05,2350.0,3408.0,1700.0,1952.0,-46.0,53.0,-296.0,25,94.0,136.32,68.0,78.08,-1.84,2.12,-11.84,AAPL,0.20017478641692252
2024-10-21 12:19:15,233.7,233.7,233.96,233.96,0.0,0.0,0.0,0.0,0.0,0.0,0.0,0.0,0.0,0.0,0.0,0.0,0.0,0.0,233.82999999999998,233.82999999999998,0.0,0.0,0.0,0.0,0.0,0.0,0.0,0.0,2,0.0,0.0,0.0,0.0,0.0,0.0,0.0,AAPL,-0.25970622505669183
2024-10-21 12:19:30,233.7,233.7,234.0,234.0,1400.0,300.0,1430.0,477.0,34.0,257.0,507.0,1000.0,1020.0,802.0,120.0,202.0,215.0,1200.0,233.85,233.85,0.0,1100.0,953.0,-223.0,-493.0,218.0,-82.0,-985.0,19,57.89473684210526,50.1578947368421,-11.736842105263158,-25.94736842105263,11.473684210526315,-4.315789473684211,-51.8421052631579,AAPL,-0.28127260132207454
2024-10-21 12:19:45,233.7,233.73,234.0,234.0,400.0,0.0,1200.0,0.0,0.0,0.0,0.0,0.0,0.0,0.0,0.0,0.0,0.0,0.0,233.85,233.865,6.414368184737285e-05,400.0,1200.0,0.0,0.0,0.0,0.0,0.0,4,100.0,300.0,0.0,0.0,0.0,0.0,0.0,AAPL,0.2469492820766164
2024-10-21 12:20:00,233.7,233.72,234.0,234.0,1600.0,0.0,1230.0,200.0,31.0,27.0,506.0,130.0,515.0,500.0,110.0,401.0,115.0,101.0,233.85,233.86,4.276245456491523e-05,1600.0,1030.0,4.0,376.0,15.0,-291.0,14.0,8,200.0,128.75,0.5,47.0,1.875,-36.375,1.75,AAPL,0.12837833808164037
2024-10-21 12:20:15,233.72,233.8,234.0,234.0,1405.0,0.0,1630.0,227.0,431.0,127.0,536.0,500.0,516.0,401.0,615.0,101.0,125.0,600.0,233.86,233.9,0.00017104250406219101,1405.0,1403.0,304.0,36.0,115.0,514.0,-475.0,7,200.71428571428572,200.42857142857142,43.42857142857143,5.142857142857143,16.428571428571427,73.42857142857143,-67.85714285714286,AAPL,0.3789559203266431
2024-10-21 12:20:30,233.8,233.8,234.0,233.97,0.0,850.0,0.0,527.0,0.0,254.0,0.0,1000.0,0.0,802.0,0.0,202.0,0.0,1200.0,233.9,233.885,-6.412997007276822e-05,-850.0,-527.0,-254.0,-1000.0,-802.0,-202.0,-1200.0,8,-106.25,-65.875,-31.75,-125.0,-100.25,-25.25,-150.0,AAPL,-1.3151917621438802
2024-10-21 12:20:45,233.86,233.86,233.97,234.0,750.0,600.0,5.0,1261.0,1826.0,868.0,1626.0,3400.0,1231.0,2407.0,507.0,706.0,1020.0,4100.0,233.91500000000002,233.93,6.41258576832282e-05,150.0,-1256.0,958.0,-1774.0,-1176.0,-199.0,-3080.0,29,5.172413793103448,-43.310344827586206,33.03448275862069,-61.172413793103445,-40.55172413793103,-6.862068965517241,-106.20689655172414,AAPL,-0.7029364882263637
2024-10-21 12:21:00,233.86,233.86,234.0,234.0,0.0,0.0,0.0,526.0,2026.0,681.0,2430.0,1001.0,91.0,902.0,1043.0,702.0,1536.0,1305.0,233.93,233.93,0.0,0.0,-526.0,1345.0,1429.0,-811.0,341.0,231.0,20,0.0,-26.3,67.25,71.45,-40.55,17.05,11.55,AAPL,-0.12345094237575532
2024-10-21 12:21:15,233.86,233.86,234.0,234.0,0.0,0.0,0.0,626.0,4600.0,126.0,2430.0,500.0,566.0,401.0,1527.0,101.0,1140.0,600.0,233.93,233.93,0.0,0.0,-626.0,4474.0,1930.0,165.0,1426.0,540.0,22,0.0,-28.454545454545453,203.36363636363637,87.72727272727273,7.5,64.81818181818181,24.545454545454547,AAPL,0.3237744565901995
2024-10-21 12:21:30,233.86,233.86,234.0,234.0,0.0,0.0,0.0,626.0,0.0,126.0,0.0,500.0,0.0,401.0,0.0,101.0,0.0,600.0,233.93,233.93,0.0,0.0,-626.0,-126.0,-500.0,-401.0,-101.0,-600.0,3,0.0,-208.66666666666666,-42.0,-166.66666666666666,-133.66666666666666,-33.666666666666664,-200.0,AAPL,-1.649184047244033
2024-10-21 12:21:45,233.86,233.86,234.0,234.0,0.0,0.0,0.0,426.0,1426.0,400.0,1252.0,900.0,2402.0,402.0,1012.0,201.0,1030.0,1100.0,233.93,233.93,0.0,0.0,-426.0,1026.0,352.0,2000.0,811.0,-70.0,18,0.0,-23.666666666666668,57.0,19.555555555555557,111.11111111111111,45.05555555555556,-3.888888888888889,AAPL,0.15717814783420206
2024-10-21 12:22:00,233.86,233.8,234.0,234.0,5.0,0.0,626.0,400.0,1252.0,28.0,2401.0,100.0,507.0,400.0,1020.0,1.0,120.0,100.0,233.93,233.9,-0.0001282434916427544,5.0,226.0,1224.0,2301.0,107.0,1019.0,20.0,6,0.8333333333333334,37.666666666666664,204.0,383.5,17.833333333333332,169.83333333333334,3.3333333333333335,AAPL,1.0894544602292746
2024-10-21 12:22:15,233.8,233.91,234.0,234.0,108.0,-48.0,667.0,1311.0,3286.0,894.0,3660.0,3500.0,3413.0,2807.0,1537.0,707.0,1240.0,4200.0,233.9,233.95499999999998,0.00023514322359963202,156.0,-644.0,2392.0,160.0,606.0,830.0,-2960.0,39,4.0,-16.512820512820515,61.333333333333336,4.102564102564102,15.538461538461538,21.28205128205128,-75.8974358974359,AAPL,-0.27738088265925454
2024-10-21 12:22:30,233.91,233.91,234.0,234.0,0.0,0.0,0.0,0.0,0.0,126.0,0.0,500.0,0.0,401.0,0.0,101.0,0.0,600.0,233.95499999999998,233.95499999999998,0.0,0.0,0.0,-126.0,-500.0,-401.0,-101.0,-600.0,4,0.0,0.0,-31.5,-125.0,-100.25,-25.25,-150.0,AAPL,-1.1010163851500492
2024-10-21 12:23:00,233.93,233.95,234.0,234.0,527.0,0.0,1619.0,0.0,906.0,228.0,5520.0,900.0,5291.0,459.0,5682.0,303.0,4463.0,1800.0,233.965,233.975,4.274143568472333e-05,527.0,1619.0,678.0,4620.0,4832.0,5379.0,2663.0,32,16.46875,50.59375,21.1875,144.375,151.0,168.09375,83.21875,AAPL,1.0190530296293432
2024-10-21 12:23:15,233.95,233.95,234.0,234.0,0.0,0.0,400.0,0.0,5.0,256.0,1255.0,1000.0,2401.0,859.0,507.0,404.0,1020.0,2400.0,233.975,233.975,0.0,0.0,400.0,-251.0,255.0,1542.0,103.0,-1380.0,12,0.0,33.333333333333336,-20.916666666666668,21.25,128.5,8.583333333333334,-115.0,AAPL,-0.17504096401977362
2024-10-21 12:23:30,233.95,233.91,234.0,234.0,5.0,64.0,2274.0,642.0,4499.0,932.0,7392.0,1100.0,5130.0,1356.0,2658.0,657.0,1880.0,1329.0,233.975,233.95499999999998,-8.547921786516977e-05,-59.0,1632.0,3567.0,6292.0,3774.0,2001.0,551.0,39,-1.5128205128205128,41.84615384615385,91.46153846153847,161.33333333333334,96.76923076923077,51.30769230769231,14.128205128205128,AAPL,0.5124901378045731
2024-10-21 12:23:45,233.91,233.8,233.97,234.0,205.0,175.0,1867.0,1350.0,4490.0,1953.0,5232.0,2286.0,3252.0,3067.0,3071.0,2595.0,965.0,3164.0,233.94,233.9,-0.00017098401299475707,30.0,517.0,2537.0,2946.0,185.0,476.0,-2199.0,38,0.7894736842105263,13.605263157894736,66.76315789473684,77.52631578947368,4.868421052631579,12.526315789473685,-57.86842105263158,AAPL,-0.1355546315518702
2024-10-21 12:24:00,233.8,233.8,234.0,233.96,0.0,806.0,3600.0,604.0,4229.0,182.0,1696.0,727.0,1535.0,1301.0,267.0,503.0,440.0,801.0,233.9,233.88,-8.550662676365395e-05,-806.0,2996.0,4047.0,969.0,234.0,-236.0,-361.0,28,-28.785714285714285,107.0,144.53571428571428,34.607142857142854,8.357142857142858,-8.428571428571429,-12.892857142857142,AAPL,0.035772343878225026
2024-10-21 12:24:15,233.8,233.8,233.96,233.96,100.0,0.0,0.0,61.0,0.0,457.0,0.0,2000.0,0.0,1604.0,0.0,404.0,0.0,2400.0,233.88,233.88,0.0,100.0,-61.0,-457.0,-2000.0,-1604.0,-404.0,-2400.0,9,11.11111111111111,-6.777777777777778,-50.77777777777778,-222.22222222222223,-178.22222222222223,-44.888888888888886,-266.6666666666667,AAPL,-1.7441340581128977
2024-10-21 12:24:30,233.8,233.88,233.96,234.0,1.0,56.0,2105.0,589.0,4231.0,1059.0,4198.0,2901.0,1618.0,2106.0,1645.0,1105.0,345.0,3605.0,233.88,233.94,0.0002565418163160693,-55.0,1516.0,3172.0,1297.0,-488.0,540.0,-3260.0,24,-2.2916666666666665,63.166666666666664,132.16666666666666,54.041666666666664,-20.333333333333332,22.5,-135.83333333333334,AAPL,-0.23388095228011696
2024-10-21 12:24:45,233.88,233.8,234.0,233.95,105.0,228.0,200.0,432.0,1200.0,1229.0,31.0,581.0,505.0,727.0,10.0,1301.0,100.0,503.0,233.94,233.875,-0.0002778490211164941,-123.0,-232.0,-29.0,-550.0,-222.0,-1291.0,-403.0,9,-13.666666666666666,-25.77777777777778,-3.2222222222222223,-61.111111111111114,-24.666666666666668,-143.44444444444446,-44.77777777777778,AAPL,-0.9376960274505629
2024-10-21 12:25:00,233.8,233.85,233.95,233.95,101.0,0.0,106.0,16.0,305.0,404.0,4570.0,1200.0,4003.0,1000.0,1518.0,802.0,1545.0,202.0,233.875,233.89999999999998,0.00010689470871172446,101.0,90.0,-99.0,3370.0,3003.0,716.0,1343.0,19,5.315789473684211,4.7368421052631575,-5.2105263157894735,177.3684210526316,158.05263157894737,37.68421052631579,70.6842105263158,AAPL,0.6012633999902081
2024-10-21 12:25:15,233.85,233.85,233.95,233.95,0.0,0.0,0.0,0.0,0.0,800.0,1600.0,102.0,1201.0,500.0,506.0,401.0,515.0,101.0,233.89999999999998,233.89999999999998,0.0,0.0,0.0,-800.0,1498.0,701.0,105.0,414.0,5,0.0,0.0,-160.0,299.6,140.2,21.0,82.8,AAPL,0.5196143157938631
2024-10-21 12:25:30,233.86,233.85,233.95,233.95,104.0,-79.0,101.0,402.0,106.0,502.0,505.0,500.0,1400.0,401.0,1201.0,101.0,506.0,600.0,233.905,233.89999999999998,-2.1376199739298052e-05,183.0,-301.0,-396.0,5.0,999.0,1100.0,-94.0,13,14.076923076923077,-23.153846153846153,-30.46153846153846,0.38461538461538464,76.84615384615384,84.61538461538461,-7.230769230769231,AAPL,0.06440069764273836
2024-10-21 12:25:45,233.85,233.85,233.95,233.95,0.0,0.0,1.0,0.0,0.0,0.0,1600.0,0.0,1201.0,0.0,506.0,0.0,515.0,0.0,233.89999999999998,233.89999999999998,0.0,0.0,1.0,0.0,1600.0,1201.0,506.0,515.0,4,0.0,0.25,0.0,400.0,300.25,126.5,128.75,AAPL,1.5888145414519872
2024-10-21 12:26:00,233.85,233.86,233.95,233.95,100.0,0.0,102.0,-400.0,107.0,614.0,905.0,214.0,1600.0,1000.0,1201.0,802.0,506.0,202.0,233.89999999999998,233.905,2.1376656690996754e-05,100.0,502.0,-507.0,691.0,600.0,399.0,304.0,16,6.25,31.375,-31.6875,43.1875,37.5,24.9375,19.0,AAPL,0.0013439440948881866
2024-10-21 12:26:15,233.86,233.86,233.95,233.95,0.0,0.0,0.0,15.0,0.0,500.0,3200.0,600.0,2402.0,801.0,1012.0,102.0,1030.0,707.0,233.905,233.905,0.0,0.0,-15.0,-500.0,2600.0,1601.0,910.0,323.0,15,0.0,-1.0,-33.333333333333336,173.33333333333334,106.73333333333333,60.666666666666664,21.533333333333335,AAPL,0.38666640476810327
2024-10-21 12:26:30,233.86,233.86,233.95,233.95,197.0,244.0,107.0,912.0,505.0,2337.0,6400.0,2214.0,4804.0,2352.0,2024.0,2802.0,2060.0,2210.0,233.905,233.905,0.0,-47.0,-805.0,-1832.0,4186.0,2452.0,-778.0,-150.0,41,-1.146341463414634,-19.634146341463413,-44.68292682926829,102.09756097560975,59.80487804878049,-18.975609756097562,-3.658536585365854,AAPL,-0.12484110987199035
2024-10-21 12:26:45,233.86,233.86,233.95,233.95,0.0,0.0,0.0,0.0,0.0,0.0,2200.0,500.0,1201.0,500.0,506.0,401.0,515.0,101.0,233.905,233.905,0.0,0.0,0.0,0.0,1700.0,701.0,105.0,414.0,7,0.0,0.0,0.0,242.85714285714286,100.14285714285714,15.0,59.142857142857146,AAPL,0.4786296322639082
2024-10-21 12:27:00,233.86,233.86,233.95,233.95,100.0,0.0,0.0,0.0,0.0,200.0,400.0,17.0,0.0,0.0,0.0,0.0,0.0,0.0,233.905,233.905,0.0,100.0,0.0,-200.0,383.0,0.0,0.0,0.0,5,20.0,0.0,-40.0,76.6,0.0,0.0,0.0,AAPL,-0.17419743719734776
2024-10-21 12:27:15,233.86,233.86,233.95,234.0,0.0,424.0,0.0,934.0,0.0,734.0,3200.0,1401.0,2402.0,903.0,1012.0,802.0,1030.0,1805.0,233.905,233.93,0.00010688099869615719,-424.0,-934.0,-734.0,1799.0,1499.0,210.0,-775.0,18,-23.555555555555557,-51.888888888888886,-40.77777777777778,99.94444444444444,83.27777777777777,11.666666666666666,-43.05555555555556,AAPL,-0.14945296779842301
2024-10-21 12:27:30,233.86,233.86,234.0,234.0,0.0,0.0,102.0,1900.0,107.0,1500.0,705.0,1203.0,1400.0,303.0,1201.0,1800.0,506.0,1829.0,233.93,233.93,0.0,0.0,-1798.0,-1393.0,-498.0,1097.0,-599.0,-1323.0,22,0.0,-81.72727272727273,-63.31818181818182,-22.636363636363637,49.86363636363637,-27.227272727272727,-60.13636363636363,AAPL,-0.5770172327802715
2024-10-21 12:27:45,233.86,233.86,234.0,234.0,694.0,0.0,994.0,1000.0,216.0,1007.0,4315.0,902.0,5602.0,602.0,3414.0,715.0,2042.0,1712.0,233.93,233.93,0.0,694.0,-6.0,-791.0,3413.0,5000.0,2699.0,330.0,25,27.76,-0.24,-31.64,136.52,200.0,107.96,13.2,AAPL,0.6773704767059029
2024-10-21 12:28:00,233.86,233.86,234.0,234.0,-100.0,0.0,0.0,0.0,0.0,100.0,0.0,400.0,0.0,1.0,0.0,100.0,0.0,500.0,233.93,233.93,0.0,-100.0,0.0,-100.0,-400.0,-1.0,-100.0,-500.0,2,-50.0,0.0,-50.0,-200.0,-0.5,-50.0,-250.0,AAPL,-1.3717745516436293
2024-10-21 12:28:15,233.86,233.86,234.0,234.0,0.0,0.0,2.0,407.0,105.0,107.0,2200.0,500.0,1201.0,401.0,506.0,101.0,515.0,600.0,233.93,233.93,0.0,0.0,-405.0,-2.0,1700.0,800.0,405.0,-85.0,12,0.0,-33.75,-0.16666666666666666,141.66666666666666,66.66666666666667,33.75,-7.083333333333333,AAPL,0.11723572306460477
2024-10-21 12:28:30,233.86,233.86,234.0,234.0,0.0,0.0,200.0,400.0,2.0,7.0,1505.0,100.0,1201.0,400.0,506.0,1.0,515.0,100.0,233.93,233.93,0.0,0.0,-200.0,-5.0,1405.0,801.0,505.0,415.0,7,0.0,-28.571428571428573,-0.7142857142857143,200.71428571428572,114.42857142857143,72.14285714285714,59.285714285714285,AAPL,0.5634950682491384
2024-10-21 12:28:45,233.86,233.86,234.0,233.99,-10.0,517.0,404.0,1041.0,212.0,621.0,4705.0,1107.0,2403.0,1302.0,1517.0,603.0,1040.0,1301.0,233.93,233.925,-2.13739152737924e-05,-527.0,-637.0,-409.0,3598.0,1101.0,914.0,-261.0,18,-29.27777777777778,-35.388888888888886,-22.72222222222222,199.88888888888889,61.166666666666664,50.77777777777778,-14.5,AAPL,0.15228888739308474
2024-10-21 12:29:00,233.86,233.86,233.99,234.0,221.0,2214.0,121.0,2781.0,1315.0,4792.0,15000.0,6264.0,12809.0,5085.0,4555.0,4764.0,5140.0,7334.0,233.925,233.93,2.1374372127791474e-05,-1993.0,-2660.0,-3477.0,8736.0,7724.0,-209.0,-2194.0,105,-18.98095238095238,-25.333333333333332,-33.114285714285714,83.2,73.56190476190476,-1.9904761904761905,-20.895238095238096,AAPL,-0.1313351827952667
2024-10-21 12:29:15,233.86,233.86,234.0,234.0,0.0,0.0,0.0,0.0,0.0,7.0,0.0,100.0,0.0,400.0,0.0,1.0,0.0,100.0,233.93,233.93,0.0,0.0,0.0,-7.0,-100.0,-400.0,-1.0,-100.0,4,0.0,0.0,-1.75,-25.0,-100.0,-0.25,-25.0,AAPL,-0.5695916433741638
2024-10-21 12:29:45,233.86,233.81,234.0,233.96,104.0,343.0,212.0,796.0,3305.0,1870.0,5002.0,1441.0,2214.0,1815.0,2041.0,1116.0,745.0,1702.0,233.93,233.885,-0.0001923652374642426,-239.0,-584.0,1435.0,3561.0,399.0,925.0,-957.0,30,-7.966666666666667,-19.466666666666665,47.833333333333336,118.7,13.3,30.833333333333332,-31.9,AAPL,-0.026826845055942256
2024-10-21 12:30:00,233.81,233.7,233.96,233.91,1299.0,1245.0,1401.0,1000.0,6212.0,1024.0,3938.0,1968.0,1747.0,2358.0,1370.0,2074.0,585.0,2267.0,233.885,233.805,-0.00034204844261065404,54.0,401.0,5188.0,1970.0,-611.0,-704.0,-1682.0,45,1.2,8.911111111111111,115.28888888888889,43.77777777777778,-13.577777777777778,-15.644444444444444,-37.37777777777778,AAPL,-0.19808910375450142
2024-10-21 12:30:30,233.7,233.7,233.91,233.91,0.0,325.0,1.0,1789.0,2915.0,1116.0,2145.0,2058.0,330.0,2336.0,345.0,1621.0,375.0,2303.0,233.805,233.805,0.0,-325.0,-1788.0,1799.0,87.0,-2006.0,-1276.0,-1928.0,33,-9.848484848484848,-54.18181818181818,54.515151515151516,2.6363636363636362,-60.78787878787879,-38.666666666666664,-58.42424242424242,AAPL,-0.6364856481031911
2024-10-21 12:30:45,233.7,233.7,233.9,233.89,0.0,207.0,0.0,1041.0,400.0,234.0,0.0,1000.0,0.0,802.0,0.0,202.0,0.0,1200.0,233.8,233.795,-2.1385799829021224e-05,-207.0,-1041.0,166.0,-1000.0,-802.0,-202.0,-1200.0,8,-25.875,-130.125,20.75,-125.0,-100.25,-25.25,-150.0,AAPL,-1.2353958075578209
2024-10-21 12:31:00,233.7,233.7,233.88,233.89,1210.0,2504.0,1802.0,2565.0,3623.0,2847.0,2861.0,4144.0,945.0,2941.0,470.0,3222.0,600.0,5217.0,233.79,233.795,2.1386714572857457e-05,-1294.0,-763.0,776.0,-1283.0,-1996.0,-2752.0,-4617.0,43,-30.093023255813954,-17.74418604651163,18.046511627906977,-29.837209302325583,-46.41860465116279,-64.0,-107.37209302325581,AAPL,-0.8536643267089413
2024-10-21 12:31:15,233.7,233.7,233.89,233.86,0.0,20.0,-200.0,607.0,1305.0,841.0,1020.0,251.0,120.0,1100.0,215.0,1202.0,140.0,203.0,233.795,233.78,-6.415877157328609e-05,-20.0,-807.0,464.0,769.0,-980.0,-987.0,-63.0,12,-1.6666666666666667,-67.25,38.666666666666664,64.08333333333333,-81.66666666666667,-82.25,-5.25,AAPL,-0.6142645310063543
2024-10-21 12:31:30,233.7,233.7,233.77,233.86,0.0,25.0,0.0,1034.0,1105.0,279.0,515.0,375.0,110.0,1617.0,115.0,1703.0,125.0,704.0,233.735,233.78,0.00019252572357575382,-25.0,-1034.0,826.0,140.0,-1507.0,-1588.0,-579.0,18,-1.3888888888888888,-57.44444444444444,45.888888888888886,7.777777777777778,-83.72222222222223,-88.22222222222223,-32.166666666666664,AAPL,-0.754954591587327
2024-10-21 12:31:45,233.76,233.7,233.86,233.86,1422.0,0.0,1201.0,200.0,1611.0,24.0,1230.0,117.0,725.0,500.0,240.0,401.0,350.0,101.0,233.81,233.78,-0.00012830931097895792,1422.0,1001.0,1587.0,1113.0,225.0,-161.0,249.0,9,158.0,111.22222222222223,176.33333333333334,123.66666666666667,25.0,-17.88888888888889,27.666666666666668,AAPL,0.5383495089157342
2024-10-21 12:32:00,233.7,233.8,233.86,233.82,-160.0,200.0,1407.0,1251.0,2008.0,368.0,1811.0,1600.0,1030.0,1603.0,220.0,304.0,230.0,421.0,233.78,233.81,0.0001283257763708967,-360.0,156.0,1640.0,211.0,-573.0,-84.0,-191.0,20,-18.0,7.8,82.0,10.55,-28.65,-4.2,-9.55,AAPL,-0.2501427188714225
2024-10-21 12:32:15,233.8,233.7,233.82,233.82,2649.0,224.0,2416.0,832.0,1107.0,644.0,1925.0,451.0,635.0,1117.0,325.0,1302.0,255.0,603.0,233.81,233.76,-0.00021384885163167056,2425.0,1584.0,463.0,1474.0,-482.0,-977.0,-348.0,19,127.63157894736842,83.36842105263158,24.36842105263158,77.57894736842105,-25.36842105263158,-51.421052631578945,-18.31578947368421,AAPL,-0.08869751951417391
2024-10-21 12:32:30,233.76,233.7,233.82,233.9,1515.0,600.0,2718.0,17.0,3125.0,100.0,3427.0,400.0,2629.0,1.0,1531.0,100.0,1445.0,7.0,233.79,233.8,4.277342914593696e-05,915.0,2701.0,3025.0,3027.0,2628.0,1431.0,1438.0,17,53.8235294117647,158.88235294117646,177.94117647058823,178.05882352941177,154.58823529411765,84.17647058823529,84.58823529411765,AAPL,1.2316112257903846
2024-10-21 12:32:45,233.7,233.7,233.9,233.89,0.0,400.0,0.0,0.0,905.0,0.0,515.0,0.0,110.0,0.0,115.0,0.0,125.0,0.0,233.8,233.795,-2.1385799829021224e-05,-400.0,0.0,905.0,515.0,110.0,115.0,125.0,5,-80.0,0.0,181.0,103.0,22.0,23.0,25.0,AAPL,0.17824054621631708
2024-10-21 12:33:00,233.7,233.7,233.84,233.82,1257.0,28.0,2429.0,805.0,1409.0,434.0,906.0,217.0,1220.0,900.0,625.0,402.0,225.0,201.0,233.76999999999998,233.76,-4.277708859135032e-05,1229.0,1624.0,975.0,689.0,320.0,223.0,24.0,16,76.8125,101.5,60.9375,43.0625,20.0,13.9375,1.5,AAPL,0.18409407145129486
2024-10-21 12:33:15,233.7,233.7,233.82,233.82,0.0,0.0,0.0,432.0,2410.0,224.0,1030.0,134.0,220.0,600.0,230.0,801.0,250.0,102.0,233.76,233.76,0.0,0.0,-432.0,2186.0,896.0,-380.0,-571.0,148.0,15,0.0,-28.8,145.73333333333332,59.733333333333334,-25.333333333333332,-38.06666666666667,9.866666666666667,AAPL,-0.16518537534757938
2024-10-21 12:33:30,233.7,233.75,233.82,233.82,5.0,0.0,1207.0,-200.0,1.0,0.0,400.0,0.0,505.0,0.0,10.0,0.0,100.0,0.0,233.76,233.785,0.00010694729637239497,5.0,1407.0,1.0,400.0,505.0,10.0,100.0,3,1.6666666666666667,469.0,0.3333333333333333,133.33333333333334,168.33333333333334,3.3333333333333335,33.333333333333336,AAPL,0.9816814840124393
2024-10-21 12:33:45,233.77,233.7,233.82,233.82,1227.0,-2.0,1413.0,807.0,2715.0,24.0,1728.0,117.0,1340.0,500.0,840.0,401.0,355.0,101.0,233.79500000000002,233.76,-0.0001497038003379636,1229.0,606.0,2691.0,1611.0,840.0,439.0,254.0,20,61.45,30.3,134.55,80.55,42.0,21.95,12.7,AAPL,0.312172711042503
2024-10-21 12:34:00,233.78,233.7,233.82,233.89,2715.0,624.0,4123.0,172.0,4127.0,751.0,3144.0,1501.0,1641.0,1303.0,1560.0,803.0,970.0,1905.0,233.8,233.795,-2.1385799829021224e-05,2091.0,3951.0,3376.0,1643.0,338.0,757.0,-935.0,23,90.91304347826087,171.7826086956522,146.7826086956522,71.43478260869566,14.695652173913043,32.91304347826087,-40.65217391304348,AAPL,0.3809161934502313
2024-10-21 12:34:15,233.7,233.7,233.88,233.88,0.0,407.0,0.0,48.0,705.0,234.0,515.0,1000.0,110.0,802.0,115.0,202.0,115.0,1200.0,233.79,233.79,0.0,-407.0,-48.0,471.0,-485.0,-692.0,-87.0,-1085.0,7,-58.142857142857146,-6.857142857142857,67.28571428571429,-69.28571428571429,-98.85714285714286,-12.428571428571429,-155.0,AAPL,-0.9535311159823397
2024-10-21 12:34:30,233.7,233.7,233.88,233.9,1212.0,2049.0,1208.0,2771.0,201.0,936.0,705.0,4000.0,515.0,3208.0,110.0,808.0,115.0,4800.0,233.79,233.8,4.277342914593696e-05,-837.0,-1563.0,-735.0,-3295.0,-2693.0,-698.0,-4685.0,27,-31.0,-57.888888888888886,-27.22222222222222,-122.03703703703704,-99.74074074074075,-25.85185185185185,-173.5185185185185,AAPL,-1.2574608737631587
2024-10-21 12:34:45,233.7,233.7,233.9,233.91,1242.0,407.0,1208.0,834.0,401.0,234.0,705.0,1000.0,515.0,802.0,110.0,202.0,115.0,1200.0,233.8,233.805,2.138579982879918e-05,835.0,374.0,167.0,-295.0,-287.0,-92.0,-1085.0,8,104.375,46.75,20.875,-36.875,-35.875,-11.5,-135.625,AAPL,-0.5157223612588862
2024-10-21 12:35:00,233.7,233.75,233.91,233.91,80.0,814.0,1207.0,1234.0,401.0,234.0,905.0,1000.0,515.0,802.0,110.0,202.0,115.0,1200.0,233.805,233.82999999999998,0.0001069267124311768,-734.0,-27.0,167.0,-95.0,-287.0,-92.0,-1085.0,10,-73.4,-2.7,16.7,-9.5,-28.7,-9.2,-108.5,AAPL,-0.6782008359115941
2024-10-21 12:35:15,233.75,233.75,233.93,233.94,180.0,1224.0,1487.0,1368.0,2267.0,834.0,2896.0,1801.0,3018.0,904.0,927.0,902.0,1221.0,2305.0,233.84,233.845,2.13821416352733e-05,-1044.0,119.0,1433.0,1095.0,2114.0,25.0,-1084.0,21,-49.714285714285715,5.666666666666667,68.23809523809524,52.142857142857146,100.66666666666667,1.1904761904761905,-51.61904761904762,AAPL,-0.05260988355191625
2024-10-21 12:35:30,233.77,233.75,233.94,233.94,180.0,0.0,1287.0,0.0,1607.0,0.0,401.0,0.0,506.0,0.0,515.0,0.0,110.0,0.0,233.85500000000002,233.845,-4.276154027071932e-05,180.0,1287.0,1607.0,401.0,506.0,515.0,110.0,2,90.0,643.5,803.5,200.5,253.0,257.5,55.0,AAPL,3.3019241608204033
2024-10-21 12:35:45,233.75,233.75,233.94,233.99,84.0,451.0,1667.0,351.0,3497.0,1500.0,5135.0,1203.0,2976.0,303.0,1055.0,1800.0,585.0,1815.0,233.845,233.87,0.0001069084222455885,-367.0,1316.0,1997.0,3932.0,2673.0,-745.0,-1230.0,20,-18.35,65.8,99.85,196.6,133.65,-37.25,-61.5,AAPL,0.2552681883817772
2024-10-21 12:36:00,233.75,233.75,233.99,233.89,0.0,421.0,1407.0,1017.0,1608.0,1000.0,507.0,802.0,1020.0,202.0,120.0,1200.0,215.0,1210.0,233.87,233.82,-0.0002137939881130535,-421.0,390.0,608.0,-295.0,818.0,-1080.0,-995.0,8,-52.625,48.75,76.0,-36.875,102.25,-135.0,-124.375,AAPL,-0.643833424831115
2024-10-21 12:36:30,233.75,233.75,233.89,233.89,0.0,0.0,1407.0,0.0,1408.0,0.0,506.0,0.0,515.0,0.0,110.0,0.0,115.0,0.0,233.82,233.82,0.0,0.0,1407.0,1408.0,506.0,515.0,110.0,115.0,3,0.0,469.0,469.3333333333333,168.66666666666666,171.66666666666666,36.666666666666664,38.333333333333336,AAPL,1.71288819232752
2024-10-21 12:36:45,233.75,233.87,233.89,233.89,100.0,0.0,281.0,817.0,1487.0,134.0,1809.0,600.0,1413.0,801.0,1535.0,102.0,230.0,700.0,233.82,233.88,0.0002566076469079359,100.0,-536.0,1353.0,1209.0,612.0,1433.0,-470.0,13,7.6923076923076925,-41.23076923076923,104.07692307692308,93.0,47.07692307692308,110.23076923076923,-36.15384615384615,AAPL,0.27036416982617634
2024-10-21 12:37:00,233.87,233.8,233.89,233.86,-49.0,236.0,80.0,538.0,3214.0,549.0,3016.0,338.0,1918.0,817.0,2051.0,918.0,845.0,602.0,233.88,233.83,-0.00021378484693002076,-285.0,-458.0,2665.0,2678.0,1101.0,1133.0,243.0,25,-11.4,-18.32,106.6,107.12,44.04,45.32,9.72,AAPL,0.22486290350091928
2024-10-21 12:37:15,233.8,233.8,233.86,233.86,0.0,0.0,0.0,0.0,3214.0,0.0,3216.0,0.0,1012.0,417.0,1030.0,117.0,220.0,500.0,233.83,233.83,0.0,0.0,0.0,3214.0,3216.0,595.0,913.0,-280.0,9,0.0,0.0,357.1111111111111,357.3333333333333,66.11111111111111,101.44444444444444,-31.11111111111111,AAPL,1.0334135152828339
2024-10-21 12:37:30,233.8,233.8,233.86,233.86,0.0,0.0,0.0,0.0,3414.0,0.0,1609.0,0.0,1011.0,400.0,525.0,0.0,210.0,0.0,233.83,233.83,0.0,0.0,0.0,3414.0,1609.0,611.0,525.0,210.0,8,0.0,0.0,426.75,201.125,76.375,65.625,26.25,AAPL,0.9510252968700074
2024-10-21 12:37:45,233.84,233.84,233.86,233.85,1.0,24.0,1.0,2.0,880.0,2.0,1287.0,128.0,1208.0,4.0,506.0,1651.0,515.0,368.0,233.85000000000002,233.845,-2.1381227282568638e-05,-23.0,-1.0,878.0,1159.0,1204.0,-1145.0,147.0,17,-1.3529411764705883,-0.058823529411764705,51.64705882352941,68.17647058823529,70.82352941176471,-67.3529411764706,8.647058823529411,AAPL,-0.1078436644829089
2024-10-21 12:38:00,233.84,233.8,233.85,233.84,1.0,4.0,1687.0,24.0,1888.0,2.0,3721.0,2.0,2230.0,128.0,1636.0,621.0,750.0,534.0,233.845,233.82,-0.00010690842224547747,-3.0,1663.0,1886.0,3719.0,2102.0,1015.0,216.0,19,-0.15789473684210525,87.52631578947368,99.26315789473684,195.73684210526315,110.63157894736842,53.421052631578945,11.368421052631579,AAPL,0.6608825137775385
2024-10-21 12:38:15,233.8,233.7,233.84,233.8,1207.0,173.0,202.0,266.0,4127.0,160.0,3081.0,158.0,1065.0,432.0,685.0,556.0,690.0,1370.0,233.82,233.75,-0.00029937558805914755,1034.0,-64.0,3967.0,2923.0,633.0,129.0,-680.0,41,25.21951219512195,-1.5609756097560976,96.7560975609756,71.29268292682927,15.439024390243903,3.1463414634146343,-16.585365853658537,AAPL,-0.005985454884195734
2024-10-21 12:38:30,233.7,233.7,233.8,233.8,2704.0,128.0,4945.0,132.0,4463.0,132.0,3650.0,132.0,2156.0,28.0,1670.0,658.0,1085.0,2085.0,233.75,233.75,0.0,2576.0,4813.0,4331.0,3518.0,2128.0,1012.0,-1000.0,44,58.54545454545455,109.38636363636364,98.43181818181819,79.95454545454545,48.36363636363637,23.0,-22.727272727272727,AAPL,0.30090618007219366
2024-10-21 12:38:45,233.7,233.7,233.79,233.79,0.0,12.0,1.0,20.0,1105.0,128.0,515.0,4.0,110.0,128.0,115.0,4.0,115.0,424.0,233.745,233.745,0.0,-12.0,-19.0,977.0,511.0,-18.0,111.0,-309.0,6,-2.0,-3.1666666666666665,162.83333333333334,85.16666666666667,-3.0,18.5,-51.5,AAPL,-0.01815293994564012
2024-10-21 12:39:00,233.7,233.7,233.79,233.8,1467.0,12.0,2744.0,128.0,3892.0,4.0,2115.0,128.0,1621.0,4.0,1835.0,1017.0,750.0,36.0,233.745,233.75,2.1390831889345208e-05,1455.0,2616.0,3888.0,1987.0,1617.0,818.0,714.0,21,69.28571428571429,124.57142857142857,185.14285714285714,94.61904761904762,77.0,38.95238095238095,34.0,AAPL,0.6936089078225046
2024-10-21 12:39:15,233.7,233.7,233.8,233.8,0.0,0.0,200.0,0.0,906.0,0.0,515.0,0.0,110.0,0.0,115.0,0.0,115.0,0.0,233.75,233.75,0.0,0.0,200.0,906.0,515.0,110.0,115.0,115.0,4,0.0,50.0,226.5,128.75,27.5,28.75,28.75,AAPL,0.4682459029878856
2024-10-21 12:39:30,233.7,233.7,233.8,233.79,0.0,2.0,201.0,20.0,1811.0,128.0,1030.0,4.0,220.0,128.0,230.0,4.0,230.0,400.0,233.75,233.745,-2.1390374331575757e-05,-2.0,181.0,1683.0,1026.0,92.0,226.0,-170.0,8,-0.25,22.625,210.375,128.25,11.5,28.25,-21.25,AAPL,0.2631125894088619
2024-10-21 12:40:00,233.7,233.7,233.79,233.79,200.0,0.0,1.0,6.0,505.0,0.0,10.0,0.0,100.0,0.0,15.0,0.0,100.0,417.0,233.745,233.745,0.0,200.0,-5.0,505.0,10.0,100.0,15.0,-317.0,5,40.0,-1.0,101.0,2.0,20.0,3.0,-63.4,AAPL,-0.1787384173937612
2024-10-21 12:40:15,233.71,233.7,233.79,233.8,4633.0,30.0,7238.0,156.0,7348.0,158.0,5573.0,532.0,2573.0,421.0,2101.0,1679.0,1310.0,1155.0,233.75,233.75,0.0,4603.0,7082.0,7190.0,5041.0,2152.0,422.0,155.0,33,139.4848484848485,214.6060606060606,217.87878787878788,152.75757575757575,65.21212121212122,12.787878787878787,4.696969696969697,AAPL,0.8569116932012024
2024-10-21 12:40:30,233.7,233.77,233.8,233.79,5.0,-2.0,2814.0,25.0,1209.0,128.0,1211.0,4.0,1030.0,817.0,220.0,134.0,230.0,600.0,233.75,233.78,0.0001283422459892325,7.0,2789.0,1081.0,1207.0,213.0,86.0,-370.0,9,0.7777777777777778,309.8888888888889,120.11111111111111,134.11111111111111,23.666666666666668,9.555555555555555,-41.111111111111114,AAPL,0.4618694026969981
2024-10-21 12:40:45,233.77,233.77,233.79,233.79,0.0,0.0,200.0,0.0,0.0,0.0,2115.0,0.0,1040.0,400.0,320.0,0.0,245.0,0.0,233.78,233.78,0.0,0.0,200.0,0.0,2115.0,640.0,320.0,245.0,16,0.0,12.5,0.0,132.1875,40.0,20.0,15.3125,AAPL,0.12027435197103453
2024-10-21 12:41:00,233.77,233.77,233.79,233.8,205.0,25.0,1412.0,128.0,1408.0,4.0,506.0,800.0,515.0,17.0,110.0,2.0,115.0,102.0,233.78,233.78500000000003,2.138762939529748e-05,180.0,1284.0,1404.0,-294.0,498.0,108.0,13.0,7,25.714285714285715,183.42857142857142,200.57142857142858,-42.0,71.14285714285714,15.428571428571429,1.8571428571428572,AAPL,0.39024092121588155
2024-10-21 12:41:15,233.77,233.77,233.8,233.8,0.0,0.0,-200.0,0.0,200.0,0.0,1.0,400.0,505.0,0.0,10.0,0.0,100.0,0.0,233.78500000000003,233.78500000000003,0.0,0.0,-200.0,200.0,-399.0,505.0,10.0,100.0,3,0.0,-66.66666666666667,66.66666666666667,-133.0,168.33333333333334,3.3333333333333335,33.333333333333336,AAPL,-0.009502226798592977
2024-10-21 12:41:30,233.77,233.7,233.8,233.79,2657.0,388.0,2764.0,182.0,4780.0,281.0,4564.0,536.0,1876.0,1021.0,1180.0,453.0,700.0,123.0,233.78500000000003,233.745,-0.00017109737579412698,2269.0,2582.0,4499.0,4028.0,855.0,727.0,577.0,36,63.02777777777778,71.72222222222223,124.97222222222223,111.88888888888889,23.75,20.194444444444443,16.02777777777778,AAPL,0.36436279011822936
2024-10-21 12:41:45,233.7,233.7,233.79,233.8,1535.0,-45.0,2793.0,128.0,4520.0,4.0,5098.0,817.0,3535.0,453.0,2836.0,123.0,1950.0,702.0,233.745,233.75,2.1390831889345208e-05,1580.0,2665.0,4516.0,4281.0,3082.0,2713.0,1248.0,24,65.83333333333333,111.04166666666667,188.16666666666666,178.375,128.41666666666666,113.04166666666667,52.0,AAPL,1.1445536038664348
2024-10-21 12:42:00,233.7,233.75,233.8,233.8,200.0,0.0,1207.0,400.0,2106.0,0.0,2335.0,402.0,735.0,36.0,340.0,334.0,345.0,1400.0,233.75,233.775,0.00010695187165787878,200.0,807.0,2106.0,1933.0,699.0,6.0,-1055.0,15,13.333333333333334,53.8,140.4,128.86666666666667,46.6,0.4,-70.33333333333333,AAPL,0.12430491128046897
2024-10-21 12:42:15,233.75,233.75,233.8,233.8,300.0,45.0,1407.0,153.0,1608.0,132.0,306.0,404.0,925.0,402.0,220.0,35.0,230.0,217.0,233.775,233.775,0.0,255.0,1254.0,1476.0,-98.0,523.0,185.0,13.0,23,11.08695652173913,54.52173913043478,64.17391304347827,-4.260869565217392,22.73913043478261,8.043478260869565,0.5652173913043478,AAPL,-0.0322590618880171
2024-10-21 12:42:30,233.76,233.75,233.8,233.9,901.0,689.0,3414.0,840.0,5024.0,453.0,5638.0,1136.0,4174.0,1436.0,1661.0,1203.0,1085.0,2102.0,233.78,233.825,0.00019248866455634506,212.0,2574.0,4571.0,4502.0,2738.0,458.0,-1017.0,39,5.435897435897436,66.0,117.2051282051282,115.43589743589743,70.2051282051282,11.743589743589743,-26.076923076923077,AAPL,0.2638964909907136
2024-10-21 12:43:00,233.75,233.75,233.9,233.84,0.0,128.0,0.0,1201.0,602.0,1035.0,1917.0,57.0,1545.0,306.0,330.0,1500.0,345.0,1203.0,233.825,233.79500000000002,-0.0001283010798672768,-128.0,-1201.0,-433.0,1860.0,1239.0,-1170.0,-858.0,23,-5.565217391304348,-52.21739130434783,-18.82608695652174,80.8695652173913,53.869565217391305,-50.869565217391305,-37.30434782608695,AAPL,-0.34490960592160697
2024-10-21 12:43:15,233.75,233.77,233.84,233.8,50.0,200.0,200.0,128.0,1207.0,1001.0,801.0,19.0,706.0,36.0,515.0,104.0,110.0,600.0,233.79500000000002,233.78500000000003,-4.277251438222773e-05,-150.0,72.0,206.0,782.0,670.0,411.0,-490.0,14,-10.714285714285714,5.142857142857143,14.714285714285714,55.857142857142854,47.857142857142854,29.357142857142858,-35.0,AAPL,-0.06654764777368583
2024-10-21 12:43:30,233.77,233.76,233.8,233.84,600.0,345.0,2814.0,682.0,2416.0,899.0,1213.0,732.0,3630.0,551.0,1950.0,438.0,445.0,939.0,233.78500000000003,233.8,6.416151592270047e-05,255.0,2132.0,1517.0,481.0,3079.0,1512.0,-494.0,27,9.444444444444445,78.96296296296296,56.18518518518518,17.814814814814813,114.03703703703704,56.0,-18.296296296296298,AAPL,0.29952176431461747
2024-10-21 12:43:45,233.78,233.78,233.84,233.84,10.0,0.0,300.0,401.0,1607.0,17.0,1608.0,2.0,907.0,100.0,916.0,400.0,615.0,1.0,233.81,233.81,0.0,10.0,-101.0,1590.0,1606.0,807.0,516.0,614.0,7,1.4285714285714286,-14.428571428571429,227.14285714285714,229.42857142857142,115.28571428571429,73.71428571428571,87.71428571428571,AAPL,0.9747382017785868
2024-10-21 12:44:00,233.78,233.7,233.84,233.8,1317.0,546.0,1208.0,1031.0,906.0,1831.0,1926.0,1156.0,1141.0,2598.0,840.0,2872.0,355.0,2155.0,233.81,233.75,-0.00025661862195802687,771.0,177.0,-925.0,770.0,-1457.0,-2032.0,-1800.0,32,24.09375,5.53125,-28.90625,24.0625,-45.53125,-63.5,-56.25,AAPL,-0.6184900533795322
2024-10-21 12:44:15,233.76,233.7,233.8,233.8,1208.0,129.0,1208.0,562.0,1611.0,535.0,1630.0,219.0,735.0,135.0,340.0,617.0,345.0,901.0,233.78,233.75,-0.0001283257763708967,1079.0,646.0,1076.0,1411.0,600.0,-277.0,-556.0,15,71.93333333333334,43.06666666666667,71.73333333333333,94.06666666666666,40.0,-18.466666666666665,-37.06666666666667,AAPL,0.05880300938150184
2024-10-21 12:44:30,233.7,233.7,233.8,233.8,1307.0,-100.0,1208.0,602.0,906.0,36.0,1410.0,234.0,410.0,1000.0,110.0,802.0,115.0,202.0,233.75,233.75,0.0,1407.0,606.0,870.0,1176.0,-590.0,-692.0,-87.0,11,127.9090909090909,55.09090909090909,79.0909090909091,106.9090909090909,-53.63636363636363,-62.90909090909091,-7.909090909090909,AAPL,-0.08284526417926681
2024-10-21 12:44:45,233.7,233.75,233.8,233.8,110.0,0.0,2514.0,0.0,1714.0,0.0,1421.0,0.0,1415.0,0.0,535.0,0.0,325.0,0.0,233.75,233.775,0.00010695187165787878,110.0,2514.0,1714.0,1421.0,1415.0,535.0,325.0,6,18.333333333333332,419.0,285.6666666666667,236.83333333333334,235.83333333333334,89.16666666666667,54.166666666666664,AAPL,1.8571154921841915
2024-10-21 12:45:00,233.75,233.77,233.8,233.89,738.0,1018.0,4015.0,256.0,10284.0,386.0,8250.0,1717.0,5283.0,2103.0,3290.0,705.0,1705.0,2001.0,233.775,233.82999999999998,0.00023526895519188074,-280.0,3759.0,9898.0,6533.0,3180.0,2585.0,-296.0,44,-6.363636363636363,85.43181818181819,224.95454545454547,148.47727272727272,72.27272727272727,58.75,-6.7272727272727275,AAPL,0.6276539613925123
2024-10-21 12:45:15,233.75,233.75,233.89,233.89,10.0,0.0,1207.0,0.0,601.0,0.0,506.0,0.0,515.0,0.0,110.0,0.0,115.0,0.0,233.82,233.82,0.0,10.0,1207.0,601.0,506.0,515.0,110.0,115.0,3,3.3333333333333335,402.3333333333333,200.33333333333334,168.66666666666666,171.66666666666666,36.666666666666664,38.333333333333336,AAPL,1.301514147984797
2024-10-21 12:45:30,233.75,233.75,233.9,233.9,0.0,201.0,0.0,234.0,601.0,217.0,506.0,900.0,515.0,402.0,110.0,201.0,115.0,1100.0,233.825,233.825,0.0,-201.0,-234.0,384.0,-394.0,113.0,-91.0,-985.0,6,-33.5,-39.0,64.0,-65.66666666666667,18.833333333333332,-15.166666666666666,-164.16666666666666,AAPL,-0.7394882334978425
2024-10-21 12:45:45,233.75,233.75,233.9,233.9,0.0,0.0,0.0,0.0,200.0,0.0,0.0,0.0,0.0,0.0,0.0,0.0,0.0,0.0,233.825,233.825,0.0,0.0,0.0,200.0,0.0,0.0,0.0,0.0,1,0.0,0.0,200.0,0.0,0.0,0.0,0.0,AAPL,-0.014431159833147494
2024-10-21 12:46:00,233.75,233.75,233.9,233.83,0.0,221.0,0.0,401.0,401.0,19.0,706.0,102.0,515.0,500.0,110.0,401.0,115.0,101.0,233.825,233.79000000000002,-0.0001496845931785451,-221.0,-401.0,382.0,604.0,15.0,-291.0,14.0,11,-20.09090909090909,-36.45454545454545,34.72727272727273,54.90909090909091,1.3636363636363635,-26.454545454545453,1.2727272727272727,AAPL,-0.27394367190688557
2024-10-21 12:46:15,233.75,233.75,233.9,233.88,0.0,401.0,0.0,18.0,401.0,19.0,705.0,102.0,515.0,500.0,110.0,401.0,115.0,101.0,233.825,233.815,-4.27670266224256e-05,-401.0,-18.0,382.0,603.0,15.0,-291.0,14.0,6,-66.83333333333333,-3.0,63.666666666666664,100.5,2.5,-48.5,2.3333333333333335,AAPL,-0.2406679468399033
2024-10-21 12:46:30,233.75,233.75,233.83,233.83,0.0,4.0,0.0,402.0,0.0,419.0,1305.0,54.0,515.0,123.0,110.0,702.0,115.0,1301.0,233.79000000000002,233.79000000000002,0.0,-4.0,-402.0,-419.0,1251.0,392.0,-592.0,-1186.0,9,-0.4444444444444444,-44.666666666666664,-46.55555555555556,139.0,43.55555555555556,-65.77777777777777,-131.77777777777777,AAPL,-0.5557641078233948
2024-10-21 12:46:45,233.75,233.75,233.83,233.83,0.0,0.0,0.0,0.0,0.0,817.0,0.0,19.0,0.0,102.0,0.0,500.0,0.0,401.0,233.79000000000002,233.79000000000002,0.0,0.0,0.0,-817.0,-19.0,-102.0,-500.0,-401.0,4,0.0,0.0,-204.25,-4.75,-25.5,-125.0,-100.25,AAPL,-1.13213889448873
2024-10-21 12:47:00,233.75,233.7,233.83,233.83,1207.0,118.0,1.0,1037.0,1305.0,622.0,1020.0,621.0,120.0,454.0,215.0,1152.0,139.0,1519.0,233.79000000000002,233.765,-0.00010693357286473137,1089.0,-1036.0,683.0,399.0,-334.0,-937.0,-1380.0,19,57.31578947368421,-54.526315789473685,35.94736842105263,21.0,-17.57894736842105,-49.31578947368421,-72.63157894736842,AAPL,-0.5195325588621212
2024-10-21 12:47:15,233.7,233.7,233.83,233.9,1209.0,401.0,2615.0,1469.0,3821.0,468.0,2629.0,2000.0,1531.0,1604.0,1445.0,404.0,864.0,2400.0,233.765,233.8,0.00014972301242721642,808.0,1146.0,3353.0,629.0,-73.0,1041.0,-1536.0,23,35.130434782608695,49.82608695652174,145.7826086956522,27.347826086956523,-3.1739130434782608,45.26086956521739,-66.78260869565217,AAPL,0.027076248168971136
2024-10-21 12:47:30,233.7,233.7,233.9,233.9,0.0,-200.0,601.0,617.0,1612.0,134.0,1030.0,600.0,220.0,801.0,230.0,102.0,1248.0,700.0,233.8,233.8,0.0,200.0,-16.0,1478.0,430.0,-581.0,128.0,548.0,12,16.666666666666668,-1.3333333333333333,123.16666666666667,35.833333333333336,-48.416666666666664,10.666666666666666,45.666666666666664,AAPL,-0.010142568023928265
2024-10-21 12:48:00,233.7,233.7,233.9,233.82,0.0,156.0,1.0,618.0,2010.0,318.0,525.0,517.0,210.0,501.0,130.0,501.0,2233.0,601.0,233.8,233.76,-0.00017108639863139263,-156.0,-617.0,1692.0,8.0,-291.0,-371.0,1632.0,13,-12.0,-47.46153846153846,130.15384615384616,0.6153846153846154,-22.384615384615383,-28.53846153846154,125.53846153846153,AAPL,-0.013440950366839807
2024-10-21 12:48:15,233.7,233.8,233.82,233.9,1325.0,-127.0,4933.0,619.0,3923.0,769.0,3632.0,834.0,2760.0,1801.0,1465.0,904.0,1589.0,902.0,233.76,233.85000000000002,0.0003850102669404887,1452.0,4314.0,3154.0,2798.0,959.0,561.0,687.0,30,48.4,143.8,105.13333333333334,93.26666666666667,31.966666666666665,18.7,22.9,AAPL,0.4171538975077314
2024-10-21 12:48:30,233.8,233.8,233.9,233.9,0.0,0.0,2822.0,1434.0,5023.0,334.0,1214.0,1000.0,2041.0,802.0,745.0,202.0,440.0,1200.0,233.85000000000002,233.85000000000002,0.0,0.0,1388.0,4689.0,214.0,1239.0,543.0,-760.0,27,0.0,51.407407407407405,173.66666666666666,7.925925925925926,45.888888888888886,20.11111111111111,-28.14814814814815,AAPL,0.11856292309262986
2024-10-21 12:48:45,233.8,233.8,233.9,233.83,0.0,1.0,1207.0,846.0,401.0,618.0,1001.0,1017.0,2505.0,618.0,1020.0,601.0,120.0,1001.0,233.85000000000002,233.815,-0.0001496685909772033,-1.0,361.0,-217.0,-16.0,1887.0,419.0,-881.0,9,-0.1111111111111111,40.111111111111114,-24.11111111111111,-1.7777777777777777,209.66666666666666,46.55555555555556,-97.88888888888889,AAPL,0.110359137395888
2024-10-21 12:49:00,233.8,233.8,233.83,233.9,151.0,129.0,3825.0,918.0,8748.0,734.0,6625.0,717.0,8650.0,901.0,5191.0,502.0,2685.0,701.0,233.815,233.85000000000002,0.00014969099501760397,22.0,2907.0,8014.0,5908.0,7749.0,4689.0,1984.0,33,0.6666666666666666,88.0909090909091,242.84848484848484,179.03030303030303,234.8181818181818,142.0909090909091,60.121212121212125,AAPL,1.427573324987958
2024-10-21 12:49:15,233.8,233.8,233.9,233.9,0.0,2.0,3414.0,401.0,3616.0,517.0,3209.0,217.0,4011.0,500.0,2535.0,401.0,735.0,101.0,233.85000000000002,233.85000000000002,0.0,-2.0,3013.0,3099.0,2992.0,3511.0,2134.0,634.0,8,-0.25,376.625,387.375,374.0,438.875,266.75,79.25,AAPL,3.0670105764554427
2024-10-21 12:49:30,233.8,233.8,233.9,233.9,100.0,0.0,2507.0,0.0,4422.0,0.0,2411.0,0.0,4507.0,0.0,4030.0,0.0,1150.0,0.0,233.85000000000002,233.85000000000002,0.0,100.0,2507.0,4422.0,2411.0,4507.0,4030.0,1150.0,10,10.0,250.7,442.2,241.1,450.7,403.0,115.0,AAPL,3.263149485397577
2024-10-21 12:49:45,233.8,233.82,233.9,234.0,852.0,1151.0,1274.0,651.0,6772.0,1500.0,8366.0,1203.0,7346.0,303.0,11252.0,1800.0,8292.0,1815.0,233.85000000000002,233.91,0.00025657472738926934,-299.0,623.0,5272.0,7163.0,7043.0,9452.0,6477.0,42,-7.119047619047619,14.833333333333334,125.52380952380952,170.54761904761904,167.6904761904762,225.04761904761904,154.21428571428572,AAPL,1.458720861865432
2024-10-21 12:50:00,233.82,233.84,234.0,234.0,220.0,-400.0,820.0,1600.0,3214.0,1100.0,2416.0,1202.0,2002.0,203.0,3010.0,1300.0,1030.0,1710.0,233.91,233.92000000000002,4.275148561427855e-05,620.0,-780.0,2114.0,1214.0,1799.0,1710.0,-680.0,16,38.75,-48.75,132.125,75.875,112.4375,106.875,-42.5,AAPL,0.4250060952651468
2024-10-21 12:50:15,233.98,233.86,234.0,234.0,540.0,0.0,2337.0,2300.0,6449.0,1500.0,6232.0,1203.0,5716.0,303.0,6031.0,1800.0,3284.0,1815.0,233.99,233.93,-0.00025642121458180345,540.0,37.0,4949.0,5029.0,5413.0,4231.0,1469.0,24,22.5,1.5416666666666667,206.20833333333334,209.54166666666666,225.54166666666666,176.29166666666666,61.208333333333336,AAPL,1.415694144385067
2024-10-21 12:50:30,233.81,233.87,234.0,234.0,300.0,0.0,210.0,700.0,1217.0,500.0,1208.0,401.0,1001.0,101.0,1505.0,600.0,515.0,605.0,233.905,233.935,0.00012825719843534422,300.0,-490.0,717.0,807.0,900.0,905.0,-90.0,5,60.0,-98.0,143.4,161.4,180.0,181.0,-18.0,AAPL,0.9223201066086842
2024-10-21 12:50:45,233.87,233.89,234.0,234.0,600.0,0.0,1040.0,0.0,5068.0,0.0,4832.0,0.0,4004.0,0.0,6020.0,0.0,2060.0,0.0,233.935,233.945,4.2746916878666497e-05,600.0,1040.0,5068.0,4832.0,4004.0,6020.0,2060.0,10,60.0,104.0,506.8,483.2,400.4,602.0,206.0,AAPL,4.191982671882961
2024-10-21 12:51:00,233.89,233.91,234.0,234.0,220.0,0.0,430.0,0.0,4821.0,0.0,3624.0,0.0,3003.0,0.0,4515.0,0.0,1545.0,0.0,233.945,233.95499999999998,4.27450896578474e-05,220.0,430.0,4821.0,3624.0,3003.0,4515.0,1545.0,9,24.444444444444443,47.77777777777778,535.6666666666666,402.6666666666667,333.6666666666667,501.6666666666667,171.66666666666666,AAPL,3.508016086994771
2024-10-21 12:51:15,233.91,233.93,234.0,234.0,610.0,10.0,1230.0,500.0,7065.0,500.0,6040.0,401.0,5005.0,101.0,7525.0,600.0,2575.0,605.0,233.95499999999998,233.965,4.274326259334771e-05,600.0,730.0,6565.0,5639.0,4904.0,6925.0,1970.0,18,33.333333333333336,40.55555555555556,364.72222222222223,313.27777777777777,272.44444444444446,384.72222222222223,109.44444444444444,AAPL,2.5874786051775063
2024-10-21 12:51:30,233.81,233.93,234.0,233.95,1010.0,125.0,2047.0,395.0,5459.0,677.0,4625.0,1027.0,4508.0,1000.0,5030.0,901.0,1779.0,502.0,233.905,233.94,0.00014963339817453125,885.0,1652.0,4782.0,3598.0,3508.0,4129.0,1277.0,21,42.142857142857146,78.66666666666667,227.71428571428572,171.33333333333334,167.04761904761904,196.61904761904762,60.80952380952381,AAPL,1.4378035835521297
2024-10-21 12:51:45,233.93,233.8,233.95,233.95,-19.0,0.0,1817.0,200.0,4242.0,827.0,3417.0,500.0,3507.0,401.0,3525.0,101.0,1264.0,600.0,233.94,233.875,-0.0002778490211164941,-19.0,1617.0,3415.0,2917.0,3106.0,3424.0,664.0,20,-0.95,80.85,170.75,145.85,155.3,171.2,33.2,AAPL,1.1260601377234145
2024-10-21 12:52:00,233.8,233.8,233.95,233.95,0.0,0.0,420.0,200.0,1227.0,0.0,1208.0,0.0,1001.0,0.0,1505.0,0.0,515.0,0.0,233.875,233.875,0.0,0.0,220.0,1227.0,1208.0,1001.0,1505.0,515.0,5,0.0,44.0,245.4,241.6,200.2,301.0,103.0,AAPL,1.9095411305611087
2024-10-21 12:52:15,233.92,233.8,233.95,233.9,161.0,54.0,430.0,1106.0,1847.0,1188.0,3036.0,1930.0,3210.0,1830.0,4011.0,930.0,2535.0,2301.0,233.935,233.85000000000002,-0.00036334879346822113,107.0,-676.0,659.0,1106.0,1380.0,3081.0,234.0,28,3.8214285714285716,-24.142857142857142,23.535714285714285,39.5,49.285714285714285,110.03571428571429,8.357142857142858,AAPL,0.2171592319083612
2024-10-21 12:52:30,233.8,233.8,233.9,233.9,0.0,-7.0,20.0,0.0,1607.0,200.0,1208.0,0.0,2506.0,127.0,2040.0,100.0,789.0,400.0,233.85000000000002,233.85000000000002,0.0,7.0,20.0,1407.0,1208.0,2379.0,1940.0,389.0,13,0.5384615384615384,1.5384615384615385,108.23076923076923,92.92307692307692,183.0,149.23076923076923,29.923076923076923,AAPL,0.8667279028058256
2024-10-21 12:52:45,233.8,233.8,233.86,233.99,161.0,971.0,347.0,909.0,951.0,1166.0,4504.0,1728.0,7657.0,1233.0,7233.0,1429.0,7221.0,2306.0,233.83,233.895,0.0002779797288627872,-810.0,-562.0,-215.0,2776.0,6424.0,5804.0,4915.0,33,-24.545454545454547,-17.03030303030303,-6.515151515151516,84.12121212121212,194.66666666666666,175.87878787878788,148.93939393939394,AAPL,1.0252945372908207
2024-10-21 12:53:00,233.8,233.8,233.99,233.99,0.0,1327.0,0.0,129.0,0.0,104.0,0.0,600.0,0.0,801.0,0.0,102.0,0.0,700.0,233.895,233.895,0.0,-1327.0,-129.0,-104.0,-600.0,-801.0,-102.0,-700.0,5,-265.4,-25.8,-20.8,-120.0,-160.2,-20.4,-140.0,AAPL,-1.529747367247888
2024-10-21 12:53:15,233.8,233.8,233.94,233.94,0.0,99.0,0.0,600.0,0.0,127.0,0.0,2.0,0.0,100.0,0.0,400.0,0.0,1.0,233.87,233.87,0.0,-99.0,-600.0,-127.0,-2.0,-100.0,-400.0,-1.0,2,-49.5,-300.0,-63.5,-1.0,-50.0,-200.0,-0.5,AAPL,-1.4248284623127638
2024-10-21 12:53:30,233.8,233.8,233.94,233.9,0.0,8.0,0.0,626.0,0.0,329.0,0.0,229.0,0.0,502.0,0.0,501.0,0.0,501.0,233.87,233.85000000000002,-8.551759524511038e-05,-8.0,-626.0,-329.0,-229.0,-502.0,-501.0,-501.0,9,-0.8888888888888888,-69.55555555555556,-36.55555555555556,-25.444444444444443,-55.77777777777778,-55.666666666666664,-55.666666666666664,AAPL,-0.8256420227414633
2024-10-21 12:53:45,233.8,233.8,233.9,233.9,0.0,0.0,0.0,0.0,1607.0,0.0,1208.0,0.0,1001.0,0.0,1505.0,0.0,535.0,0.0,233.85000000000002,233.85000000000002,0.0,0.0,0.0,1607.0,1208.0,1001.0,1505.0,535.0,3,0.0,0.0,535.6666666666666,402.6666666666667,333.6666666666667,501.6666666666667,178.33333333333334,AAPL,3.432101572640656
2024-10-21 12:54:00,233.8,233.8,233.9,233.9,1.0,0.0,0.0,0.0,1607.0,200.0,1208.0,0.0,1001.0,100.0,1505.0,400.0,535.0,1.0,233.85000000000002,233.85000000000002,0.0,1.0,0.0,1407.0,1208.0,901.0,1105.0,534.0,11,0.09090909090909091,0.0,127.9090909090909,109.81818181818181,81.9090909090909,100.45454545454545,48.54545454545455,AAPL,0.6084849949524944
2024-10-21 12:54:15,233.8,233.8,233.9,233.94,162.0,99.0,210.0,827.0,504.0,653.0,2478.0,927.0,4842.0,1028.0,5024.0,602.0,4715.0,1101.0,233.85000000000002,233.87,8.552490912960842e-05,63.0,-617.0,-149.0,1551.0,3814.0,4422.0,3614.0,20,3.15,-30.85,-7.45,77.55,190.7,221.1,180.7,AAPL,1.2146966629861227
2024-10-21 12:54:30,233.89,233.89,233.94,233.9,11.0,163.0,11.0,369.0,220.0,299.0,420.0,981.0,1207.0,554.0,1.0,1400.0,1000.0,803.0,233.915,233.89499999999998,-8.550114357785965e-05,-152.0,-358.0,-79.0,-561.0,653.0,-1399.0,197.0,10,-15.2,-35.8,-7.9,-56.1,65.3,-139.9,19.7,AAPL,-0.6022274954840626
2024-10-21 12:54:45,233.89,233.89,233.9,233.98,0.0,711.0,415.0,880.0,553.0,1354.0,1658.0,1402.0,2655.0,1003.0,3436.0,1302.0,3714.0,1910.0,233.89499999999998,233.935,0.00017101690929699487,-711.0,-465.0,-801.0,256.0,1652.0,2134.0,1804.0,18,-39.5,-25.833333333333332,-44.5,14.222222222222221,91.77777777777777,118.55555555555556,100.22222222222223,AAPL,0.3648840185792015
2024-10-21 12:55:00,233.89,233.8,233.98,233.96,11.0,1736.0,1051.0,1240.0,4301.0,1442.0,6058.0,1779.0,4212.0,1529.0,6516.0,1103.0,3615.0,1702.0,233.935,233.88,-0.0002351080428324437,-1725.0,-189.0,2859.0,4279.0,2683.0,5413.0,1913.0,24,-71.875,-7.875,119.125,178.29166666666666,111.79166666666667,225.54166666666666,79.70833333333333,AAPL,1.0663031956823426
2024-10-21 12:55:15,233.85,233.8,233.96,233.98,15.0,1025.0,851.0,527.0,2874.0,227.0,3643.0,500.0,3210.0,401.0,4011.0,101.0,2575.0,600.0,233.905,233.89,-6.412859921767211e-05,-1010.0,324.0,2647.0,3143.0,2809.0,3910.0,1975.0,17,-59.411764705882355,19.058823529411764,155.7058823529412,184.88235294117646,165.23529411764707,230.0,116.17647058823529,AAPL,1.379627383311338
2024-10-21 12:55:30,233.8,233.8,233.98,233.98,0.0,0.0,640.0,327.0,2454.0,227.0,2416.0,500.0,2002.0,401.0,3010.0,101.0,1070.0,600.0,233.89,233.89,0.0,0.0,313.0,2227.0,1916.0,1601.0,2909.0,470.0,11,0.0,28.454545454545453,202.45454545454547,174.1818181818182,145.54545454545453,264.45454545454544,42.72727272727273,AAPL,1.3885931752267262
2024-10-21 12:55:45,233.8,233.8,233.92,233.92,0.0,29.0,0.0,123.0,0.0,425.0,0.0,454.0,0.0,327.0,0.0,900.0,0.0,402.0,233.86,233.86,0.0,-29.0,-123.0,-425.0,-454.0,-327.0,-900.0,-402.0,4,-7.25,-30.75,-106.25,-113.5,-81.75,-225.0,-100.5,AAPL,-1.603995847105141
2024-10-21 12:56:00,233.8,233.8,233.92,233.92,0.0,0.0,400.0,0.0,0.0,527.0,0.0,227.0,0.0,500.0,0.0,401.0,0.0,101.0,233.86,233.86,0.0,0.0,400.0,-527.0,-227.0,-500.0,-401.0,-101.0,7,0.0,57.142857142857146,-75.28571428571429,-32.42857142857143,-71.42857142857143,-57.285714285714285,-14.428571428571429,AAPL,-0.6637106603344397
2024-10-21 12:56:15,233.8,233.8,233.92,233.93,20.0,94.0,762.0,527.0,1869.0,354.0,2875.0,600.0,4663.0,801.0,4922.0,102.0,4042.0,700.0,233.86,233.865,2.1380313007801632e-05,-74.0,235.0,1515.0,2275.0,3862.0,4820.0,3342.0,17,-4.352941176470588,13.823529411764707,89.11764705882354,133.8235294117647,227.1764705882353,283.52941176470586,196.58823529411765,AAPL,1.7427144038328153
2024-10-21 12:56:30,233.8,233.8,233.93,233.93,0.0,0.0,220.0,0.0,1227.0,0.0,1208.0,0.0,1001.0,0.0,1505.0,0.0,535.0,0.0,233.865,233.865,0.0,0.0,220.0,1227.0,1208.0,1001.0,1505.0,535.0,4,0.0,55.0,306.75,302.0,250.25,376.25,133.75,AAPL,2.4632120270440376
2024-10-21 12:56:45,233.8,233.8,233.93,233.9,0.0,461.0,20.0,792.0,3014.0,1231.0,2416.0,1306.0,2002.0,1381.0,3010.0,2028.0,1070.0,1404.0,233.865,233.85000000000002,-6.413956769923956e-05,-461.0,-772.0,1783.0,1110.0,621.0,982.0,-334.0,22,-20.954545454545453,-35.09090909090909,81.04545454545455,50.45454545454545,28.227272727272727,44.63636363636363,-15.181818181818182,AAPL,-0.013439043572335828
2024-10-21 12:57:00,233.8,233.8,233.9,233.9,3.0,0.0,0.0,0.0,0.0,0.0,0.0,0.0,0.0,0.0,1505.0,0.0,535.0,0.0,233.85000000000002,233.85000000000002,0.0,3.0,0.0,0.0,0.0,0.0,1505.0,535.0,5,0.6,0.0,0.0,0.0,0.0,301.0,107.0,AAPL,0.7852821701759174
2024-10-21 12:57:15,233.8,233.8,233.9,233.9,0.0,0.0,0.0,0.0,1407.0,0.0,202.0,0.0,2001.0,0.0,2010.0,0.0,565.0,0.0,233.85000000000002,233.85000000000002,0.0,0.0,0.0,1407.0,202.0,2001.0,2010.0,565.0,4,0.0,0.0,351.75,50.5,500.25,502.5,141.25,AAPL,2.9748070315851995
2024-10-21 12:57:30,233.8,233.86,233.9,233.9,22.0,0.0,14.0,0.0,220.0,0.0,1627.0,0.0,1208.0,0.0,1001.0,0.0,1505.0,0.0,233.85000000000002,233.88,0.00012828736369452365,22.0,14.0,220.0,1627.0,1208.0,1001.0,1505.0,11,2.0,1.2727272727272727,20.0,147.9090909090909,109.81818181818181,91.0,136.8181818181818,AAPL,0.7700971659018662
2024-10-21 12:57:45,233.86,233.86,233.9,233.9,0.0,0.0,0.0,0.0,20.0,0.0,1607.0,0.0,1208.0,0.0,1001.0,0.0,1505.0,0.0,233.88,233.88,0.0,0.0,0.0,20.0,1607.0,1208.0,1001.0,1505.0,2,0.0,0.0,10.0,803.5,604.0,500.5,752.5,AAPL,5.244813716635582
2024-10-21 12:58:00,233.86,233.8,233.89,233.96,488.0,952.0,989.0,1393.0,4157.0,2158.0,5653.0,2524.0,7216.0,2650.0,9227.0,2184.0,8461.0,3260.0,233.875,233.88,2.1378941742256075e-05,-464.0,-404.0,1999.0,3129.0,4566.0,7043.0,5201.0,62,-7.483870967741935,-6.516129032258065,32.24193548387097,50.46774193548387,73.64516129032258,113.59677419354838,83.88709677419355,AAPL,0.4857427985485059
2024-10-21 12:58:15,233.8,233.85,233.96,233.96,100.0,0.0,414.0,400.0,200.0,427.0,20.0,500.0,1207.0,401.0,1.0,101.0,505.0,600.0,233.88,233.905,0.00010689242346506589,100.0,14.0,-227.0,-480.0,806.0,-100.0,-95.0,10,10.0,1.4,-22.7,-48.0,80.6,-10.0,-9.5,AAPL,-0.21810730782476667
2024-10-21 12:58:30,233.85,233.85,233.96,233.95,0.0,0.0,5.0,400.0,200.0,527.0,0.0,356.0,0.0,727.0,0.0,901.0,0.0,502.0,233.905,233.89999999999998,-2.1376199739298052e-05,0.0,-395.0,-327.0,-356.0,-727.0,-901.0,-502.0,9,0.0,-43.888888888888886,-36.333333333333336,-39.55555555555556,-80.77777777777777,-100.11111111111111,-55.77777777777778,AAPL,-0.9837867803809144
2024-10-21 12:58:45,233.85,233.85,233.95,233.93,0.0,195.0,-5.0,674.0,425.0,802.0,2047.0,958.0,2455.0,785.0,2921.0,1356.0,1042.0,1529.0,233.89999999999998,233.89,-4.275331338177146e-05,-195.0,-679.0,-377.0,1089.0,1670.0,1565.0,-487.0,18,-10.833333333333334,-37.72222222222222,-20.944444444444443,60.5,92.77777777777777,86.94444444444444,-27.055555555555557,AAPL,0.10885558499502274
2024-10-21 12:59:00,233.85,233.85,233.93,233.93,100.0,0.0,0.0,0.0,0.0,0.0,800.0,527.0,0.0,129.0,0.0,104.0,0.0,600.0,233.89,233.89,0.0,100.0,0.0,0.0,273.0,-129.0,-104.0,-600.0,7,14.285714285714286,0.0,0.0,39.0,-18.428571428571427,-14.857142857142858,-85.71428571428571,AAPL,-0.45996559455815694
2024-10-21 12:59:15,233.85,233.85,233.93,233.92,0.0,100.0,5.0,2.0,400.0,387.0,20.0,327.0,1207.0,129.0,1.0,102.0,505.0,500.0,233.89,233.885,-2.137757065290291e-05,-100.0,3.0,13.0,-307.0,1078.0,-101.0,5.0,5,-20.0,0.6,2.6,-61.4,215.6,-20.2,1.0,AAPL,0.042110678744596446
2024-10-21 12:59:30,233.85,233.85,233.92,233.92,351.0,0.0,219.0,0.0,419.0,0.0,420.0,327.0,1227.0,2.0,1208.0,100.0,506.0,400.0,233.885,233.885,0.0,351.0,219.0,419.0,93.0,1225.0,1108.0,106.0,6,58.5,36.5,69.83333333333333,15.5,204.16666666666666,184.66666666666666,17.666666666666668,AAPL,0.9354946646786532
2024-10-21 12:59:45,233.85,233.85,233.92,233.92,0.0,0.0,0.0,0.0,0.0,0.0,0.0,200.0,0.0,127.0,0.0,2.0,0.0,100.0,233.885,233.885,0.0,0.0,0.0,0.0,-200.0,-127.0,-2.0,-100.0,1,0.0,0.0,0.0,-200.0,-127.0,-2.0,-100.0,AAPL,-1.0521513393800148
2024-10-21 13:00:00,233.85,233.85,233.92,233.92,0.0,0.0,0.0,0.0,1660.0,0.0,3661.0,200.0,2417.0,0.0,1517.0,0.0,1100.0,0.0,233.885,233.885,0.0,0.0,0.0,1660.0,3461.0,2417.0,1517.0,1100.0,13,0.0,0.0,127.6923076923077,266.2307692307692,185.92307692307693,116.6923076923077,84.61538461538461,AAPL,1.1812367609380574
2024-10-21 13:00:15,233.85,233.85,233.92,233.91,0.0,104.0,0.0,173.0,800.0,375.0,20.0,701.0,1207.0,656.0,1.0,358.0,505.0,604.0,233.885,233.88,-2.1378027663110366e-05,-104.0,-173.0,425.0,-681.0,551.0,-357.0,-99.0,11,-9.454545454545455,-15.727272727272727,38.63636363636363,-61.90909090909091,50.09090909090909,-32.45454545454545,-9.0,AAPL,-0.33257273517105057
2024-10-21 13:00:30,233.85,233.85,233.91,233.9,0.0,102.0,0.0,186.0,420.0,358.0,1227.0,487.0,1208.0,454.0,506.0,131.0,535.0,202.0,233.88,233.875,-2.137848469296877e-05,-102.0,-186.0,62.0,740.0,754.0,375.0,333.0,9,-11.333333333333334,-20.666666666666668,6.888888888888889,82.22222222222223,83.77777777777777,41.666666666666664,37.0,AAPL,0.20123755550797207
2024-10-21 13:00:45,233.85,233.8,233.89,233.88,-166.0,971.0,660.0,1410.0,4101.0,1747.0,4831.0,2091.0,1519.0,2566.0,2110.0,1559.0,683.0,1493.0,233.87,233.84,-0.0001282763928678321,-1137.0,-750.0,2354.0,2740.0,-1047.0,551.0,-810.0,48,-23.6875,-15.625,49.041666666666664,57.083333333333336,-21.8125,11.479166666666666,-16.875,AAPL,-0.22084131129156875
2024-10-21 13:01:00,233.8,233.8,233.88,233.83,0.0,428.0,860.0,531.0,4061.0,1134.0,2417.0,982.0,1517.0,1639.0,1100.0,2114.0,405.0,2508.0,233.84,233.815,-0.00010691070817658854,-428.0,329.0,2927.0,1435.0,-122.0,-1014.0,-2103.0,48,-8.916666666666666,6.854166666666667,60.979166666666664,29.895833333333332,-2.5416666666666665,-21.125,-43.8125,AAPL,-0.30517727865512423
2024-10-21 13:01:15,233.8,233.8,233.83,233.83,0.0,0.0,0.0,100.0,200.0,0.0,1207.0,0.0,1.0,0.0,505.0,0.0,30.0,527.0,233.815,233.815,0.0,0.0,-100.0,200.0,1207.0,1.0,505.0,-497.0,7,0.0,-14.285714285714286,28.571428571428573,172.42857142857142,0.14285714285714285,72.14285714285714,-71.0,AAPL,0.03613360160177026
2024-10-21 13:01:30,233.8,233.8,233.83,233.82,0.0,116.0,0.0,181.0,1607.0,81.0,1.0,4.0,505.0,81.0,30.0,481.0,115.0,327.0,233.815,233.81,-2.1384427859594268e-05,-116.0,-181.0,1526.0,-3.0,424.0,-451.0,-212.0,10,-11.6,-18.1,152.6,-0.3,42.4,-45.1,-21.2,AAPL,-0.1876771776843349
2024-10-21 13:01:45,233.8,233.73,233.82,233.78,6.0,559.0,1207.0,794.0,403.0,1742.0,2822.0,1153.0,2140.0,1771.0,580.0,1957.0,860.0,1877.0,233.81,233.755,-0.00023523373679490422,-553.0,413.0,-1339.0,1669.0,369.0,-1377.0,-1017.0,56,-9.875,7.375,-23.910714285714285,29.803571428571427,6.589285714285714,-24.589285714285715,-18.160714285714285,AAPL,-0.34129189247972114
2024-10-21 13:02:00,233.73,233.58,233.78,233.68,513.0,978.0,936.0,1432.0,1785.0,3731.0,1800.0,3259.0,920.0,4366.0,693.0,5184.0,577.0,5527.0,233.755,233.63,-0.0005347479198305471,-465.0,-496.0,-1946.0,-1459.0,-3446.0,-4491.0,-4950.0,101,-4.603960396039604,-4.910891089108911,-19.26732673267327,-14.445544554455445,-34.118811881188115,-44.46534653465346,-49.00990099009901,AAPL,-0.6188400668834315
2024-10-21 13:02:15,233.58,233.53,233.68,233.6,-470.0,887.0,145.0,840.0,215.0,559.0,315.0,1898.0,954.0,2838.0,352.0,2868.0,184.0,3746.0,233.63,233.565,-0.0002782176946454218,-1357.0,-695.0,-344.0,-1583.0,-1884.0,-2516.0,-3562.0,71,-19.112676056338028,-9.788732394366198,-4.845070422535211,-22.295774647887324,-26.535211267605632,-35.436619718309856,-50.16901408450704,AAPL,-0.5987188099479649
2024-10-21 13:02:30,233.53,233.5,233.6,233.63,201.0,1258.0,115.0,3231.0,524.0,3329.0,243.0,2328.0,574.0,4203.0,410.0,4765.0,365.0,4833.0,233.565,233.565,0.0,-1057.0,-3116.0,-2805.0,-2085.0,-3629.0,-4355.0,-4468.0,94,-11.24468085106383,-33.148936170212764,-29.840425531914892,-22.180851063829788,-38.6063829787234,-46.329787234042556,-47.53191489361702,AAPL,-0.6984740118189293
2024-10-21 13:02:45,233.5,233.51,233.63,233.57,1.0,602.0,100.0,502.0,15.0,630.0,400.0,455.0,109.0,728.0,10.0,1028.0,45.0,602.0,233.565,233.54,-0.00010703658510480274,-601.0,-402.0,-615.0,-55.0,-619.0,-1018.0,-557.0,9,-66.77777777777777,-44.666666666666664,-68.33333333333333,-6.111111111111111,-68.77777777777777,-113.11111111111111,-61.888888888888886,AAPL,-1.0799702322575775
2024-10-21 13:03:00,233.51,233.51,233.57,233.55,145.0,463.0,124.0,890.0,216.0,1347.0,839.0,3189.0,643.0,4073.0,483.0,4371.0,329.0,5811.0,233.54,233.53,-4.281921726467797e-05,-318.0,-766.0,-1131.0,-2350.0,-3430.0,-3888.0,-5482.0,69,-4.608695652173913,-11.101449275362318,-16.391304347826086,-34.05797101449275,-49.710144927536234,-56.34782608695652,-79.44927536231884,AAPL,-0.785674522489741
2024-10-21 13:03:15,233.51,233.51,233.55,233.56,14.0,126.0,404.0,815.0,432.0,1409.0,969.0,1508.0,1167.0,2128.0,911.0,1804.0,503.0,1304.0,233.53,233.535,2.1410525414378156e-05,-112.0,-411.0,-977.0,-539.0,-961.0,-893.0,-801.0,40,-2.8,-10.275,-24.425,-13.475,-24.025,-22.325,-20.025,AAPL,-0.48204402843478855
2024-10-21 13:03:30,233.51,233.51,233.56,233.56,0.0,0.0,0.0,741.0,0.0,554.0,0.0,727.0,0.0,901.0,0.0,502.0,0.0,701.0,233.535,233.535,0.0,0.0,-741.0,-554.0,-727.0,-901.0,-502.0,-701.0,5,0.0,-148.2,-110.8,-145.4,-180.2,-100.4,-140.2,AAPL,-1.7668716264883928
2024-10-21 13:03:45,233.51,233.54,233.56,233.7,1.0,808.0,102.0,1108.0,401.0,1327.0,1348.0,1702.0,577.0,604.0,338.0,1401.0,375.0,2310.0,233.535,233.62,0.0003639711392295908,-807.0,-1006.0,-926.0,-354.0,-27.0,-1063.0,-1935.0,19,-42.473684210526315,-52.94736842105263,-48.73684210526316,-18.63157894736842,-1.4210526315789473,-55.94736842105263,-101.84210526315789,AAPL,-0.84925239279121
2024-10-21 13:04:00,233.54,233.54,233.7,233.61,0.0,220.0,0.0,1127.0,0.0,354.0,0.0,600.0,0.0,801.0,0.0,102.0,0.0,700.0,233.62,233.575,-0.00019262049482071664,-220.0,-1127.0,-354.0,-600.0,-801.0,-102.0,-700.0,10,-22.0,-112.7,-35.4,-60.0,-80.1,-10.2,-70.0,AAPL,-0.9186702607534751
2024-10-21 13:04:15,233.54,233.51,233.61,233.56,1.0,73.0,100.0,500.0,430.0,978.0,448.0,901.0,347.0,1154.0,120.0,1528.0,355.0,1003.0,233.575,233.535,-0.00017125120410999006,-72.0,-400.0,-548.0,-453.0,-807.0,-1408.0,-648.0,16,-4.5,-25.0,-34.25,-28.3125,-50.4375,-88.0,-40.5,AAPL,-0.8143316039049067
